CustomerID,Age,Gender,Occupation,AnnualIncome,MaritalStatus,EducationLevel,City,CityTier,AccountType,AccountAgeMonths,AvgMonthlyBalance,CreditScore,LoanType,LoanStatus,EMI,HasCreditCard,CardUtilizationPct,PriorCampaignContacts,DaysSinceLastCampaignContact,PriorCampaignOutcome,_persona_archetype
CUST00001,69,Female,Retired,348327.04,Divorced,Secondary,Indore,Tier2,Senior Citizen,151,452897.21,766,None,None,0.0,0,0.0,1,56.0,Other,Retiree Conservative
CUST00002,30,Male,Salaried,294971.4,Single,Secondary,Nagpur,Tier2,Salary,54,13368.89,655,Home Loan,Active,8311.62,1,35.4,0,,Never Contacted,Young Digital
CUST00003,36,Male,Salaried,231144.61,Married,Secondary,Indore,Tier2,Savings,94,15998.92,410,Auto Loan,Active,5207.64,1,71.6,0,,Never Contacted,Credit Stressed
CUST00004,38,Male,Salaried,178819.66,Divorced,Primary,Chennai,Tier1,Savings,43,1886.91,544,Personal Loan,Active,2289.74,1,24.6,7,166.0,Failure,Dormant Inactive
CUST00005,44,Female,Business Owner,917548.91,Married,Secondary,Patna,Tier3,Salary,114,812887.78,816,Home Loan,Closed,0.0,1,16.2,0,,Never Contacted,Priority Affluent
CUST00006,59,Female,Business Owner,597854.77,Married,Tertiary,Ahmedabad,Tier2,Savings,172,405653.68,762,None,None,0.0,0,0.0,0,,Never Contacted,Business Growth
CUST00007,56,Female,Retired,285862.05,Married,Tertiary,Bengaluru,Tier1,Current,97,147643.1,757,Personal Loan,Active,5488.32,0,0.0,0,,Never Contacted,Retiree Conservative
CUST00008,58,Male,Homemaker,260950.4,Married,Tertiary,Chennai,Tier1,Salary,1,255581.43,741,Personal Loan,Active,6507.16,0,0.0,0,,Never Contacted,Retiree Conservative
CUST00009,34,Female,Salaried,388839.75,Married,Secondary,Bengaluru,Tier1,Savings,83,39797.18,720,Home Loan,Active,6376.3,1,28.1,0,,Never Contacted,Mass Salaried Regular
CUST00010,35,Female,Self-Employed,340540.94,Married,Secondary,Mumbai,Tier1,Savings,216,12668.41,676,Personal Loan,Active,5298.63,0,0.0,2,205.0,Other,Young Digital
CUST00011,32,Male,Salaried,332616.42,Married,Secondary,Chennai,Tier1,Salary,127,158416.24,691,Home Loan,Defaulted,0.0,1,26.7,0,,Never Contacted,Mass Salaried Regular
CUST00012,43,Male,Business Owner,997080.45,Married,Tertiary,Delhi,Tier1,Savings,58,1344002.87,745,None,None,0.0,0,0.0,5,77.0,Failure,Business Growth
CUST00013,54,Male,Salaried,141628.72,Married,Unknown,Kolkata,Tier1,Savings,224,7290.79,561,None,None,0.0,1,11.2,0,,Never Contacted,Dormant Inactive
CUST00014,58,Female,Salaried,465107.97,Divorced,Primary,Bhopal,Tier3,Salary,130,55981.64,393,Home Loan,Closed,0.0,1,83.7,10,111.0,Failure,Credit Stressed
CUST00015,28,Female,Student,120000.0,Single,Tertiary,Lucknow,Tier2,Student,102,14054.72,615,Home Loan,Active,2164.25,0,0.0,0,,Never Contacted,Young Digital
CUST00016,31,Female,Salaried,651937.48,Divorced,Secondary,Kochi,Tier2,Current,61,43646.3,664,Home Loan,Closed,0.0,0,0.0,9,350.0,Other,Mass Salaried Regular
CUST00017,60,Other,Salaried,284627.09,Divorced,Secondary,Patna,Tier3,Senior Citizen,159,13740.96,695,Home Loan,Active,4538.41,0,0.0,1,364.0,Failure,Young Digital
CUST00018,59,Male,Professional,2328664.66,Married,Tertiary,Kochi,Tier2,Savings,60,265519.26,764,Personal Loan,Active,50025.5,1,13.1,0,,Never Contacted,Priority Affluent
CUST00019,36,Male,Self-Employed,442050.33,Single,Primary,Mumbai,Tier1,Savings,100,15889.04,417,None,None,0.0,1,67.8,0,,Never Contacted,Credit Stressed
CUST00020,58,Male,Salaried,220095.45,Married,Primary,Kochi,Tier2,Salary,107,7905.9,657,None,None,0.0,0,0.0,0,,Never Contacted,Dormant Inactive
CUST00021,69,Male,Retired,280019.99,Married,Secondary,Hyderabad,Tier1,Senior Citizen,49,124490.09,746,None,None,0.0,0,0.0,0,,Never Contacted,Retiree Conservative
CUST00022,30,Female,Professional,668105.85,Single,Tertiary,Kochi,Tier2,Savings,80,90676.94,749,Home Loan,Active,5525.92,0,0.0,0,,Never Contacted,Mass Salaried Regular
CUST00023,37,Female,Business Owner,1229986.73,Married,Tertiary,Delhi,Tier1,Salary,186,405365.99,739,Home Loan,Active,27925.05,1,47.0,0,,Never Contacted,Business Growth
CUST00024,40,Male,Self-Employed,523604.13,Married,Secondary,Indore,Tier2,Salary,80,2013.24,413,Personal Loan,Active,6042.74,1,72.6,0,,Never Contacted,Credit Stressed
CUST00025,72,Female,Retired,303958.57,Married,Primary,Bengaluru,Tier1,Senior Citizen,150,244487.64,726,None,None,0.0,0,0.0,0,,Never Contacted,Retiree Conservative
CUST00026,46,Male,Salaried,391909.51,Married,Secondary,Ranchi,Tier3,Salary,54,61098.63,700,Home Loan,Closed,0.0,1,36.9,0,,Never Contacted,Mass Salaried Regular
CUST00027,28,Female,Salaried,120000.0,Married,Secondary,Ahmedabad,Tier2,Salary,124,21611.69,680,Home Loan,Active,3397.94,0,0.0,0,,Never Contacted,Young Digital
CUST00028,41,Male,Salaried,1913904.47,Married,Secondary,Chandigarh,Tier2,Salary,104,1057805.1,812,Home Loan,Active,19403.23,0,0.0,0,,Never Contacted,Priority Affluent
CUST00029,44,Male,Salaried,558117.01,Married,Primary,Hyderabad,Tier1,Savings,99,232114.87,730,Home Loan,Active,13215.52,0,0.0,0,,Never Contacted,Mass Salaried Regular
CUST00030,25,Male,Salaried,157776.77,Single,Secondary,Indore,Tier2,Salary,64,2941.07,696,Home Loan,Active,3320.38,0,0.0,0,,Never Contacted,Dormant Inactive
CUST00031,61,Female,Retired,375430.27,Divorced,Secondary,Chennai,Tier1,Senior Citizen,226,204876.15,815,Personal Loan,Defaulted,0.0,0,0.0,0,,Never Contacted,Retiree Conservative
CUST00032,22,Male,Business Owner,1701799.84,Single,Tertiary,Kolkata,Tier1,Savings,139,354330.39,732,None,None,0.0,1,35.2,0,,Never Contacted,Business Growth
CUST00033,32,Female,Salaried,472317.86,Married,Secondary,Kolkata,Tier1,Savings,27,51546.71,722,Home Loan,Active,3838.99,1,23.9,0,,Never Contacted,Mass Salaried Regular
CUST00034,47,Male,Salaried,598068.11,Married,Secondary,Jaipur,Tier2,Savings,193,157890.78,708,None,None,0.0,1,32.6,0,,Never Contacted,Mass Salaried Regular
CUST00035,56,Female,Salaried,524463.74,Married,Tertiary,Patna,Tier3,Savings,115,27473.26,681,None,None,0.0,0,0.0,1,433.0,Failure,Young Digital
CUST00036,34,Female,Salaried,312881.24,Married,Tertiary,Chandigarh,Tier2,Salary,187,244912.48,748,None,None,0.0,0,0.0,0,,Never Contacted,Mass Salaried Regular
CUST00037,22,Male,Salaried,461626.02,Single,Secondary,Bengaluru,Tier1,Salary,100,33271.39,696,Home Loan,Active,12732.6,1,32.4,0,,Never Contacted,Mass Salaried Regular
CUST00038,30,Female,Student,120000.0,Single,Tertiary,Kochi,Tier2,Student,19,39736.6,695,None,None,0.0,0,0.0,1,535.0,Failure,Young Digital
CUST00039,40,Female,Salaried,275811.63,Married,Secondary,Indore,Tier2,Savings,176,28902.06,713,Personal Loan,Defaulted,0.0,0,0.0,0,,Never Contacted,Mass Salaried Regular
CUST00040,31,Male,Homemaker,129108.34,Single,Primary,Chennai,Tier1,Salary,24,64356.03,730,None,None,0.0,0,0.0,0,,Never Contacted,Dormant Inactive
CUST00041,22,Female,Salaried,181467.85,Single,Secondary,Chandigarh,Tier2,Salary,131,11988.47,605,None,None,0.0,1,21.3,0,,Never Contacted,Young Digital
CUST00042,40,Female,Self-Employed,575632.74,Married,Secondary,Bhopal,Tier3,Salary,61,9845.02,413,Home Loan,Closed,0.0,1,75.2,0,,Never Contacted,Credit Stressed
CUST00043,50,Male,Homemaker,176677.78,Married,Unknown,Bengaluru,Tier1,Savings,103,7666.24,734,None,None,0.0,0,0.0,0,,Never Contacted,Dormant Inactive
CUST00044,49,Male,Salaried,573617.9,Married,Secondary,Mumbai,Tier1,Salary,2,37280.63,706,Home Loan,Active,4105.88,1,29.5,0,,Never Contacted,Mass Salaried Regular
CUST00045,44,Female,Self-Employed,452044.08,Married,Primary,Patna,Tier3,Current,69,4555.23,417,Home Loan,Defaulted,0.0,1,70.4,0,,Never Contacted,Credit Stressed
CUST00046,58,Male,Retired,369160.38,Married,Secondary,Mumbai,Tier1,Savings,37,497002.44,786,None,None,0.0,1,10.1,0,,Never Contacted,Retiree Conservative
CUST00047,41,Female,Professional,565505.58,Married,Secondary,Patna,Tier3,Savings,175,66749.53,667,Home Loan,Active,14655.0,1,28.2,0,,Never Contacted,Mass Salaried Regular
CUST00048,25,Male,Salaried,765890.29,Married,Primary,Ahmedabad,Tier2,Current,90,38836.45,744,None,None,0.0,0,0.0,0,,Never Contacted,Mass Salaried Regular
CUST00049,31,Female,Homemaker,254985.37,Married,Tertiary,Pune,Tier1,Salary,104,1886.91,688,None,None,0.0,1,25.9,0,,Never Contacted,Dormant Inactive
CUST00050,53,Female,Salaried,325640.21,Married,Unknown,Coimbatore,Tier2,Savings,127,216206.2,727,Home Loan,Active,3474.48,0,0.0,0,,Never Contacted,Mass Salaried Regular
CUST00051,40,Male,Salaried,330241.68,Divorced,Secondary,Patna,Tier3,Savings,81,102592.63,716,Home Loan,Active,5014.93,1,20.9,0,,Never Contacted,Mass Salaried Regular
CUST00052,28,Other,Professional,2099314.45,Single,Tertiary,Nagpur,Tier2,Savings,224,472347.46,842,Home Loan,Closed,0.0,1,11.9,0,,Never Contacted,Priority Affluent
CUST00053,58,Male,Homemaker,324431.78,Married,Primary,Patna,Tier3,Savings,67,196511.62,790,Home Loan,Closed,0.0,0,0.0,0,,Never Contacted,Retiree Conservative
CUST00054,47,Male,Salaried,241645.6,Married,Secondary,Bhopal,Tier3,Savings,159,2808.75,659,None,None,0.0,0,0.0,0,,Never Contacted,Dormant Inactive
CUST00055,39,Female,Homemaker,262386.23,Married,Tertiary,Kolkata,Tier1,Savings,13,4562.34,653,Home Loan,Active,2645.43,0,0.0,0,,Never Contacted,Dormant Inactive
CUST00056,58,Male,Retired,672156.04,Married,Secondary,Ranchi,Tier3,Salary,62,96920.93,775,Personal Loan,Closed,0.0,1,5.4,0,,Never Contacted,Retiree Conservative
CUST00057,30,Male,Student,224649.01,Single,Secondary,Pune,Tier1,Student,174,30491.08,631,None,None,0.0,1,25.0,1,433.0,Success,Young Digital
CUST00058,24,Male,Salaried,388867.5,Single,Secondary,Bengaluru,Tier1,Savings,142,24871.41,644,None,None,0.0,0,0.0,1,412.0,Other,Young Digital
CUST00059,33,Male,Professional,1446167.1,Single,Secondary,Patna,Tier3,Salary,22,96502.06,691,Home Loan,Active,21197.74,1,26.8,1,359.0,Failure,Mass Salaried Regular
CUST00060,50,Male,Professional,2435089.34,Married,Tertiary,Delhi,Tier1,Savings,82,255341.9,787,Home Loan,Active,64244.18,1,9.0,0,,Never Contacted,Priority Affluent
CUST00061,56,Male,Salaried,181651.72,Married,Secondary,Chennai,Tier1,Current,48,6392.21,639,Home Loan,Active,3393.17,0,0.0,0,,Never Contacted,Dormant Inactive
CUST00062,38,Female,Salaried,353296.27,Married,Unknown,Bengaluru,Tier1,Savings,219,5201.13,646,None,None,0.0,0,0.0,1,385.0,Failure,Young Digital
CUST00063,27,Female,Salaried,285149.98,Single,Secondary,Indore,Tier2,Salary,181,14364.57,615,Home Loan,Active,5830.33,0,0.0,0,,Never Contacted,Young Digital
CUST00064,64,Male,Retired,363214.44,Divorced,Primary,Bhopal,Tier3,Senior Citizen,38,194609.42,774,None,None,0.0,1,2.9,0,,Never Contacted,Retiree Conservative
CUST00065,53,Male,Salaried,367576.91,Married,Primary,Nagpur,Tier2,Salary,141,10144.93,697,Home Loan,Active,2777.39,0,0.0,1,287.0,Failure,Dormant Inactive
CUST00066,37,Female,Self-Employed,286700.11,Married,Secondary,Mumbai,Tier1,Savings,58,30138.46,691,Home Loan,Active,5276.78,0,0.0,10,91.0,Failure,Young Digital
CUST00067,26,Other,Salaried,313414.56,Single,Secondary,Patna,Tier3,Savings,183,24376.75,683,Home Loan,Active,7477.56,0,0.0,0,,Never Contacted,Young Digital
CUST00068,32,Male,Salaried,742618.44,Single,Secondary,Mumbai,Tier1,Savings,96,32163.24,673,Home Loan,Active,14535.7,1,31.8,0,,Never Contacted,Mass Salaried Regular
CUST00069,27,Female,Business Owner,3392076.58,Single,Tertiary,Indore,Tier2,Savings,78,501827.11,867,Home Loan,Active,44599.08,1,17.4,0,,Never Contacted,Priority Affluent
CUST00070,19,Female,Salaried,249227.2,Single,Secondary,Delhi,Tier1,Savings,69,15688.13,718,None,None,0.0,0,0.0,0,,Never Contacted,Young Digital
CUST00071,48,Male,Salaried,551048.87,Married,Secondary,Kochi,Tier2,Current,221,134682.75,705,None,None,0.0,1,25.1,0,,Never Contacted,Mass Salaried Regular
CUST00072,30,Male,Professional,903903.63,Divorced,Secondary,Pune,Tier1,Savings,109,39797.18,685,Home Loan,Active,9088.91,1,22.6,0,,Never Contacted,Mass Salaried Regular
CUST00073,42,Female,Self-Employed,175974.69,Married,Secondary,Delhi,Tier1,Savings,74,1474.52,382,Personal Loan,Active,1923.44,1,76.0,0,,Never Contacted,Credit Stressed
CUST00074,28,Male,Salaried,825085.75,Single,Tertiary,Nagpur,Tier2,Salary,72,49787.57,766,Personal Loan,Active,15477.79,1,38.6,0,,Never Contacted,Mass Salaried Regular
CUST00075,28,Male,Professional,4487518.53,Single,Tertiary,Bengaluru,Tier1,Salary,223,476728.97,843,Home Loan,Active,93691.8,1,14.8,0,,Never Contacted,Priority Affluent
CUST00076,29,Female,Salaried,800573.1,Divorced,Secondary,Ranchi,Tier3,Salary,92,118423.29,737,Home Loan,Active,15053.99,1,24.1,0,,Never Contacted,Mass Salaried Regular
CUST00077,54,Female,Salaried,423307.85,Married,Primary,Chandigarh,Tier2,Current,228,38836.45,686,Education Loan,Active,7845.23,0,0.0,0,,Never Contacted,Mass Salaried Regular
CUST00078,59,Female,Salaried,346273.71,Divorced,Primary,Mumbai,Tier1,Current,177,13676.31,612,None,None,0.0,0,0.0,0,,Never Contacted,Dormant Inactive
CUST00079,24,Female,Salaried,308777.03,Single,Tertiary,Hyderabad,Tier1,Savings,13,13062.31,723,None,None,0.0,0,0.0,0,,Never Contacted,Young Digital
CUST00080,66,Male,Retired,307387.77,Married,Secondary,Delhi,Tier1,Senior Citizen,201,170941.37,733,None,None,0.0,0,0.0,2,181.0,Failure,Retiree Conservative
CUST00081,28,Male,Self-Employed,205881.61,Married,Secondary,Ahmedabad,Tier2,Savings,238,3193.22,686,Personal Loan,Closed,0.0,0,0.0,0,,Never Contacted,Dormant Inactive
CUST00082,34,Female,Salaried,469250.99,Single,Tertiary,Indore,Tier2,Salary,67,50252.83,688,Home Loan,Active,9910.02,1,33.3,0,,Never Contacted,Mass Salaried Regular
CUST00083,58,Male,Retired,226176.27,Married,Primary,Bengaluru,Tier1,Savings,96,124490.09,786,None,None,0.0,0,0.0,0,,Never Contacted,Retiree Conservative
CUST00084,37,Female,Salaried,547308.7,Married,Secondary,Patna,Tier3,Current,148,183082.63,739,Education Loan,Defaulted,0.0,0,0.0,0,,Never Contacted,Mass Salaried Regular
CUST00085,32,Male,Business Owner,3209357.87,Married,Tertiary,Hyderabad,Tier1,Savings,122,640268.36,824,Home Loan,Defaulted,0.0,1,11.9,0,,Never Contacted,Priority Affluent
CUST00086,28,Male,Professional,2451010.92,Single,Tertiary,Ranchi,Tier3,Savings,7,861878.16,843,None,None,0.0,1,14.9,3,91.0,Failure,Priority Affluent
CUST00087,86,Female,Homemaker,309684.4,Divorced,Unknown,Delhi,Tier1,Senior Citizen,159,171848.36,765,None,None,0.0,0,0.0,0,,Never Contacted,Retiree Conservative
CUST00088,53,Female,Salaried,368575.35,Married,Secondary,Indore,Tier2,Savings,69,43286.86,716,None,None,0.0,1,26.5,0,,Never Contacted,Young Digital
CUST00089,31,Female,Salaried,779161.83,Single,Secondary,Nagpur,Tier2,Salary,120,44897.25,734,Home Loan,Closed,0.0,0,0.0,0,,Never Contacted,Mass Salaried Regular
CUST00090,30,Male,Student,244056.39,Single,Tertiary,Indore,Tier2,Student,25,67012.06,720,None,None,0.0,0,0.0,1,183.0,Success,Young Digital
CUST00091,40,Female,Salaried,619187.34,Married,Secondary,Bhopal,Tier3,Savings,33,102943.66,742,Home Loan,Closed,0.0,0,0.0,0,,Never Contacted,Mass Salaried Regular
CUST00092,48,Female,Salaried,350383.78,Married,Primary,Bhopal,Tier3,Current,36,5288.61,671,None,None,0.0,0,0.0,0,,Never Contacted,Dormant Inactive
CUST00093,58,Female,Self-Employed,287999.11,Married,Secondary,Delhi,Tier1,Savings,45,51371.22,631,None,None,0.0,0,0.0,1,363.0,Failure,Young Digital
CUST00094,27,Female,Salaried,634807.15,Single,Tertiary,Indore,Tier2,Savings,199,96597.8,760,Home Loan,Closed,0.0,0,0.0,0,,Never Contacted,Mass Salaried Regular
CUST00095,59,Male,Salaried,307778.29,Married,Secondary,Ranchi,Tier3,Savings,219,115306.44,724,Personal Loan,Active,2785.51,1,35.8,0,,Never Contacted,Mass Salaried Regular
CUST00096,45,Female,Salaried,120000.0,Married,Primary,Kochi,Tier2,Savings,73,4091.36,619,None,None,0.0,0,0.0,0,,Never Contacted,Dormant Inactive
CUST00097,47,Male,Salaried,965191.34,Married,Secondary,Lucknow,Tier2,Savings,158,73661.92,764,Home Loan,Active,19088.61,1,39.9,0,,Never Contacted,Mass Salaried Regular
CUST00098,54,Male,Professional,3660441.28,Divorced,Tertiary,Ranchi,Tier3,Salary,43,1182763.23,870,Auto Loan,Active,96116.48,1,16.8,0,,Never Contacted,Priority Affluent
CUST00099,45,Male,Salaried,6431411.08,Married,Primary,Coimbatore,Tier2,Savings,155,420361.21,753,Home Loan,Closed,0.0,1,10.9,3,371.0,Failure,Priority Affluent
CUST00100,56,Male,Business Owner,510277.89,Married,Primary,Ahmedabad,Tier2,Salary,41,148069.39,743,Home Loan,Active,13653.52,1,34.0,0,,Never Contacted,Business Growth
CUST00101,48,Female,Self-Employed,196936.02,Single,Tertiary,Delhi,Tier1,Salary,139,22142.97,558,None,None,0.0,1,70.5,0,,Never Contacted,Credit Stressed
CUST00102,24,Female,Retired,192594.09,Single,Primary,Delhi,Tier1,Salary,20,3587.38,719,Personal Loan,Active,3559.38,0,0.0,0,,Never Contacted,Dormant Inactive
CUST00103,42,Male,Salaried,818435.5,Married,Unknown,Delhi,Tier1,Savings,22,13204.35,728,Personal Loan,Defaulted,0.0,1,26.8,0,,Never Contacted,Mass Salaried Regular
CUST00104,36,Female,Business Owner,1325302.93,Single,Unknown,Chandigarh,Tier2,Savings,189,303653.91,745,None,None,0.0,1,43.1,0,,Never Contacted,Business Growth
CUST00105,58,Female,Retired,188023.63,Married,Secondary,Jaipur,Tier2,Salary,178,299451.67,749,Home Loan,Active,2748.09,0,0.0,0,,Never Contacted,Retiree Conservative
CUST00106,40,Female,Salaried,131168.58,Married,Tertiary,Jaipur,Tier2,Savings,144,1886.91,700,None,None,0.0,0,0.0,0,,Never Contacted,Dormant Inactive
CUST00107,28,Female,Student,253354.51,Single,Tertiary,Ahmedabad,Tier2,Student,10,22440.53,611,Home Loan,Active,5090.65,0,0.0,0,,Never Contacted,Young Digital
CUST00108,37,Female,Salaried,306834.63,Married,Secondary,Bhopal,Tier3,Salary,230,49812.46,743,None,None,0.0,0,0.0,0,,Never Contacted,Mass Salaried Regular
CUST00109,54,Male,Business Owner,2840579.85,Married,Tertiary,Chennai,Tier1,Current,199,298971.92,818,Home Loan,Active,42694.4,1,12.2,0,,Never Contacted,Priority Affluent
CUST00110,44,Male,Salaried,402045.62,Married,Primary,Delhi,Tier1,Savings,185,15521.98,413,Home Loan,Closed,0.0,1,75.4,5,184.0,Failure,Credit Stressed
CUST00111,25,Male,Salaried,229251.64,Single,Secondary,Chennai,Tier1,Savings,77,113694.53,689,Home Loan,Active,4401.1,0,0.0,0,,Never Contacted,Young Digital
CUST00112,46,Male,Salaried,442669.32,Married,Primary,Ahmedabad,Tier2,Savings,60,209259.13,703,Home Loan,Active,8220.39,1,24.9,0,,Never Contacted,Mass Salaried Regular
CUST00113,39,Male,Professional,542102.64,Single,Tertiary,Ahmedabad,Tier2,Savings,26,83324.16,774,None,None,0.0,0,0.0,0,,Never Contacted,Mass Salaried Regular
CUST00114,55,Female,Salaried,254392.57,Married,Tertiary,Bhopal,Tier3,Savings,150,1609.82,677,None,None,0.0,0,0.0,0,,Never Contacted,Dormant Inactive
CUST00115,31,Female,Salaried,428220.99,Single,Secondary,Ahmedabad,Tier2,Salary,222,27720.33,696,Personal Loan,Active,9344.09,1,25.3,0,,Never Contacted,Mass Salaried Regular
CUST00116,41,Male,Salaried,280431.25,Single,Tertiary,Bengaluru,Tier1,Current,162,4265.31,510,None,None,0.0,1,68.4,2,390.0,Success,Credit Stressed
CUST00117,63,Male,Retired,203665.56,Divorced,Secondary,Indore,Tier2,Senior Citizen,220,294109.26,768,None,None,0.0,0,0.0,0,,Never Contacted,Retiree Conservative
CUST00118,29,Male,Homemaker,310798.28,Single,Secondary,Chennai,Tier1,Salary,6,5986.1,649,Home Loan,Active,7503.34,1,11.2,0,,Never Contacted,Dormant Inactive
CUST00119,50,Female,Student,227544.72,Divorced,Secondary,Kolkata,Tier1,Student,219,3766.71,689,Home Loan,Active,4296.69,1,20.7,0,,Never Contacted,Young Digital
CUST00120,46,Female,Homemaker,260912.01,Married,Primary,Ahmedabad,Tier2,Salary,197,3318.31,744,None,None,0.0,0,0.0,0,,Never Contacted,Dormant Inactive
CUST00121,51,Female,Salaried,313663.55,Divorced,Unknown,Nagpur,Tier2,Savings,58,8094.07,661,None,None,0.0,0,0.0,0,,Never Contacted,Dormant Inactive
CUST00122,32,Female,Homemaker,170106.55,Married,Tertiary,Mumbai,Tier1,Savings,114,2479.37,693,Home Loan,Active,4307.8,0,0.0,0,,Never Contacted,Dormant Inactive
CUST00123,32,Male,Professional,4589112.15,Single,Tertiary,Chandigarh,Tier2,Savings,142,895801.26,825,None,None,0.0,1,11.5,0,,Never Contacted,Priority Affluent
CUST00124,26,Male,Salaried,223992.24,Single,Secondary,Ahmedabad,Tier2,Savings,95,27024.33,681,Home Loan,Active,2205.35,1,39.3,0,,Never Contacted,Mass Salaried Regular
CUST00125,44,Male,Professional,5466395.91,Married,Secondary,Bengaluru,Tier1,Savings,170,703077.19,863,None,None,0.0,1,9.0,0,,Never Contacted,Priority Affluent
CUST00126,24,Female,Self-Employed,286103.15,Single,Secondary,Kochi,Tier2,Savings,60,17966.4,654,Home Loan,Closed,0.0,0,0.0,1,358.0,Other,Young Digital
CUST00127,51,Male,Salaried,877034.95,Divorced,Secondary,Lucknow,Tier2,Savings,65,201720.04,767,Home Loan,Closed,0.0,1,30.8,0,,Never Contacted,Mass Salaried Regular
CUST00128,42,Female,Salaried,314348.81,Single,Secondary,Lucknow,Tier2,Salary,174,36818.5,699,Home Loan,Active,6401.66,1,34.6,0,,Never Contacted,Mass Salaried Regular
CUST00129,42,Male,Business Owner,2598351.32,Married,Tertiary,Nagpur,Tier2,Salary,132,319830.62,805,None,None,0.0,0,0.0,0,,Never Contacted,Priority Affluent
CUST00130,55,Male,Salaried,151395.58,Married,Primary,Chandigarh,Tier2,Salary,62,5089.42,582,Home Loan,Defaulted,0.0,0,0.0,0,,Never Contacted,Dormant Inactive
CUST00131,34,Male,Salaried,640744.78,Single,Secondary,Ahmedabad,Tier2,Savings,45,83320.34,711,Home Loan,Active,13735.49,1,30.2,1,324.0,Failure,Mass Salaried Regular
CUST00132,36,Male,Business Owner,2185849.8,Married,Tertiary,Kochi,Tier2,Savings,110,1917697.54,712,Home Loan,Active,48453.4,0,0.0,0,,Never Contacted,Business Growth
CUST00133,36,Male,Salaried,219612.3,Married,Tertiary,Kolkata,Tier1,Salary,174,20389.55,658,Home Loan,Closed,0.0,0,0.0,1,154.0,Failure,Dormant Inactive
CUST00134,52,Other,Salaried,581120.09,Married,Primary,Kolkata,Tier1,Salary,199,19634.1,740,Home Loan,Active,3884.92,0,0.0,0,,Never Contacted,Mass Salaried Regular
CUST00135,36,Male,Salaried,222956.1,Married,Secondary,Bengaluru,Tier1,Savings,188,7577.77,686,Home Loan,Defaulted,0.0,0,0.0,0,,Never Contacted,Dormant Inactive
CUST00136,45,Female,Professional,3341130.01,Married,Unknown,Indore,Tier2,Savings,130,202025.23,782,None,None,0.0,1,7.3,0,,Never Contacted,Priority Affluent
CUST00137,34,Female,Business Owner,553433.61,Divorced,Tertiary,Lucknow,Tier2,Savings,7,288276.22,776,Home Loan,Active,14449.23,1,45.8,0,,Never Contacted,Business Growth
CUST00138,27,Male,Student,368960.45,Single,Secondary,Chandigarh,Tier2,Student,136,28814.27,676,None,None,0.0,0,0.0,0,,Never Contacted,Young Digital
CUST00139,60,Female,Homemaker,301987.6,Single,Primary,Bhopal,Tier3,Senior Citizen,101,212253.48,744,None,None,0.0,1,7.9,0,,Never Contacted,Retiree Conservative
CUST00140,58,Male,Salaried,1832148.61,Married,Tertiary,Kochi,Tier2,Savings,68,872841.45,856,None,None,0.0,1,15.1,0,,Never Contacted,Priority Affluent
CUST00141,36,Male,Salaried,165579.35,Married,Secondary,Bengaluru,Tier1,Savings,125,46190.28,658,Home Loan,Defaulted,0.0,1,29.9,0,,Never Contacted,Young Digital
CUST00142,29,Male,Student,438303.18,Single,Tertiary,Hyderabad,Tier1,Student,83,5664.56,661,Home Loan,Active,12501.39,0,0.0,0,,Never Contacted,Young Digital
CUST00143,31,Male,Self-Employed,784473.05,Single,Tertiary,Delhi,Tier1,Current,25,108402.58,760,Auto Loan,Active,13650.64,1,33.2,0,,Never Contacted,Business Growth
CUST00144,63,Female,Homemaker,331830.1,Married,Secondary,Ranchi,Tier3,Senior Citizen,137,4318.23,621,None,None,0.0,0,0.0,6,178.0,Failure,Dormant Inactive
CUST00145,29,Female,Salaried,337115.14,Married,Secondary,Delhi,Tier1,Savings,39,31184.33,661,Home Loan,Active,5441.17,1,41.4,3,96.0,Failure,Young Digital
CUST00146,40,Female,Salaried,302087.89,Divorced,Secondary,Jaipur,Tier2,Savings,32,42815.72,695,None,None,0.0,1,34.3,0,,Never Contacted,Mass Salaried Regular
CUST00147,36,Female,Salaried,793385.59,Single,Secondary,Patna,Tier3,Savings,117,52066.88,677,Home Loan,Active,6816.54,1,29.5,0,,Never Contacted,Mass Salaried Regular
CUST00148,35,Male,Student,291299.38,Single,Unknown,Bhopal,Tier3,Student,139,5201.13,688,None,None,0.0,1,25.9,0,,Never Contacted,Young Digital
CUST00149,27,Female,Salaried,243729.71,Single,Tertiary,Hyderabad,Tier1,Savings,47,14649.38,658,None,None,0.0,0,0.0,1,322.0,Other,Young Digital
CUST00150,55,Male,Salaried,924892.56,Divorced,Tertiary,Nagpur,Tier2,Savings,6,942410.3,745,None,None,0.0,1,19.7,2,63.0,Success,Priority Affluent
CUST00151,36,Female,Salaried,340287.64,Married,Secondary,Coimbatore,Tier2,Current,80,8509.48,482,Home Loan,Active,9103.56,1,77.8,0,,Never Contacted,Credit Stressed
CUST00152,37,Male,Self-Employed,591487.59,Single,Secondary,Patna,Tier3,Salary,116,18076.42,498,Education Loan,Active,11249.31,0,0.0,0,,Never Contacted,Credit Stressed
CUST00153,45,Male,Salaried,510628.53,Married,Unknown,Kolkata,Tier1,Salary,234,121434.61,751,Education Loan,Active,10848.73,1,32.0,0,,Never Contacted,Mass Salaried Regular
CUST00154,32,Male,Salaried,139493.16,Single,Tertiary,Lucknow,Tier2,Current,240,14054.72,651,Home Loan,Active,1870.0,1,17.1,0,,Never Contacted,Young Digital
CUST00155,31,Female,Business Owner,2373594.43,Single,Tertiary,Pune,Tier1,Savings,163,640268.36,827,None,None,0.0,1,16.8,0,,Never Contacted,Priority Affluent
CUST00156,40,Male,Salaried,193305.53,Married,Secondary,Coimbatore,Tier2,Current,76,10005.12,603,Home Loan,Active,2873.45,0,0.0,0,,Never Contacted,Dormant Inactive
CUST00157,45,Female,Salaried,315623.3,Married,Secondary,Indore,Tier2,Current,196,53333.2,714,Home Loan,Active,9140.81,0,0.0,0,,Never Contacted,Mass Salaried Regular
CUST00158,58,Male,Retired,508484.27,Married,Unknown,Patna,Tier3,Salary,84,1609.82,671,None,None,0.0,0,0.0,0,,Never Contacted,Dormant Inactive
CUST00159,42,Male,Retired,224473.38,Married,Secondary,Kochi,Tier2,Savings,233,155239.17,783,Home Loan,Active,4287.84,0,0.0,0,,Never Contacted,Retiree Conservative
CUST00160,57,Female,Retired,231060.19,Married,Tertiary,Patna,Tier3,Salary,20,151155.93,724,None,None,0.0,0,0.0,0,,Never Contacted,Retiree Conservative
CUST00161,59,Male,Business Owner,1093002.85,Divorced,Tertiary,Nagpur,Tier2,Savings,230,1060565.98,749,Home Loan,Active,27363.0,1,10.0,0,,Never Contacted,Priority Affluent
CUST00162,34,Female,Self-Employed,270661.34,Married,Tertiary,Mumbai,Tier1,Savings,104,7606.46,490,None,None,0.0,0,0.0,0,,Never Contacted,Credit Stressed
CUST00163,52,Female,Professional,561015.76,Married,Secondary,Ranchi,Tier3,Current,204,88746.8,693,Home Loan,Closed,0.0,1,38.9,0,,Never Contacted,Mass Salaried Regular
CUST00164,34,Male,Professional,3403676.7,Divorced,Tertiary,Delhi,Tier1,Savings,235,298971.92,765,None,None,0.0,1,16.9,3,175.0,Failure,Priority Affluent
CUST00165,27,Female,Self-Employed,168542.56,Single,Secondary,Bhopal,Tier3,Savings,157,38264.55,674,Home Loan,Defaulted,0.0,1,16.4,1,328.0,Failure,Young Digital
CUST00166,45,Female,Salaried,669147.47,Married,Unknown,Hyderabad,Tier1,Current,103,80622.42,751,Home Loan,Active,18079.07,1,31.3,0,,Never Contacted,Mass Salaried Regular
CUST00167,28,Female,Salaried,246484.08,Married,Secondary,Hyderabad,Tier1,Savings,68,27483.14,479,None,None,0.0,1,80.5,0,,Never Contacted,Credit Stressed
CUST00168,61,Female,Homemaker,313807.06,Divorced,Secondary,Patna,Tier3,Senior Citizen,193,204876.15,818,Personal Loan,Closed,0.0,0,0.0,0,,Never Contacted,Retiree Conservative
CUST00169,53,Female,Salaried,787408.96,Divorced,Unknown,Kolkata,Tier1,Salary,11,63881.37,710,None,None,0.0,1,31.6,0,,Never Contacted,Mass Salaried Regular
CUST00170,33,Male,Business Owner,3081490.2,Single,Tertiary,Chandigarh,Tier2,Current,48,149121.66,700,Home Loan,Active,82267.99,0,0.0,0,,Never Contacted,Business Growth
CUST00171,38,Male,Salaried,750228.44,Married,Secondary,Hyderabad,Tier1,Savings,232,36818.5,743,Home Loan,Closed,0.0,0,0.0,0,,Never Contacted,Mass Salaried Regular
CUST00172,27,Female,Student,563652.58,Divorced,Secondary,Bengaluru,Tier1,Student,46,34298.31,691,Home Loan,Active,9029.46,0,0.0,0,,Never Contacted,Young Digital
CUST00173,40,Male,Salaried,501800.89,Married,Primary,Lucknow,Tier2,Savings,129,60698.05,733,Personal Loan,Active,11879.59,1,24.7,0,,Never Contacted,Mass Salaried Regular
CUST00174,33,Male,Business Owner,1926032.17,Married,Secondary,Hyderabad,Tier1,Savings,214,604613.39,738,Home Loan,Active,22056.63,0,0.0,1,178.0,Failure,Business Growth
CUST00175,27,Male,Salaried,1109134.77,Married,Secondary,Indore,Tier2,Savings,233,22286.05,725,None,None,0.0,0,0.0,0,,Never Contacted,Mass Salaried Regular
CUST00176,39,Female,Professional,4018002.55,Married,Tertiary,Pune,Tier1,Current,72,585678.43,810,Home Loan,Active,42246.26,1,5.9,0,,Never Contacted,Priority Affluent
CUST00177,30,Male,Salaried,153413.04,Single,Secondary,Chandigarh,Tier2,Savings,190,33499.03,658,None,None,0.0,1,31.9,0,,Never Contacted,Young Digital
CUST00178,34,Male,Business Owner,1464412.03,Divorced,Tertiary,Delhi,Tier1,Savings,212,994330.61,771,Home Loan,Closed,0.0,0,0.0,0,,Never Contacted,Business Growth
CUST00179,61,Female,Self-Employed,535389.15,Married,Primary,Bhopal,Tier3,Senior Citizen,195,3103.48,407,None,None,0.0,1,67.0,0,,Never Contacted,Credit Stressed
CUST00180,74,Male,Retired,236429.76,Divorced,Primary,Delhi,Tier1,Senior Citizen,182,899152.24,756,None,None,0.0,0,0.0,4,93.0,Other,Retiree Conservative
CUST00181,59,Male,Self-Employed,563145.36,Married,Secondary,Ranchi,Tier3,Savings,191,15090.1,509,None,None,0.0,1,84.0,2,180.0,Success,Credit Stressed
CUST00182,26,Male,Salaried,401844.68,Married,Secondary,Nagpur,Tier2,Savings,109,11008.4,321,Home Loan,Active,5193.83,0,0.0,0,,Never Contacted,Credit Stressed
CUST00183,20,Male,Salaried,378638.2,Single,Secondary,Hyderabad,Tier1,Salary,60,9275.62,662,None,None,0.0,0,0.0,4,181.0,Other,Young Digital
CUST00184,42,Female,Salaried,627574.94,Married,Secondary,Chandigarh,Tier2,Savings,197,120262.06,758,Home Loan,Active,14887.42,0,0.0,4,92.0,Success,Mass Salaried Regular
CUST00185,65,Female,Retired,279853.72,Married,Tertiary,Bhopal,Tier3,Senior Citizen,166,320623.37,725,None,None,0.0,0,0.0,0,,Never Contacted,Retiree Conservative
CUST00186,51,Male,Salaried,181809.37,Married,Primary,Chennai,Tier1,Current,29,9028.89,636,Home Loan,Closed,0.0,0,0.0,0,,Never Contacted,Dormant Inactive
CUST00187,32,Male,Salaried,707293.95,Divorced,Tertiary,Mumbai,Tier1,Savings,13,75430.69,724,Home Loan,Active,19605.87,0,0.0,0,,Never Contacted,Mass Salaried Regular
CUST00188,28,Female,Salaried,2912636.63,Single,Secondary,Bengaluru,Tier1,Savings,238,827343.41,797,Home Loan,Active,74528.3,1,13.1,3,315.0,Failure,Priority Affluent
CUST00189,60,Male,Retired,163090.42,Married,Primary,Kochi,Tier2,Senior Citizen,225,180538.13,785,None,None,0.0,0,0.0,0,,Never Contacted,Retiree Conservative
CUST00190,29,Male,Salaried,433160.89,Single,Tertiary,Ranchi,Tier3,Savings,10,72424.44,739,Home Loan,Active,9248.33,0,0.0,0,,Never Contacted,Mass Salaried Regular
CUST00191,35,Female,Self-Employed,921287.22,Married,Tertiary,Lucknow,Tier2,Savings,57,282405.29,749,None,None,0.0,1,45.7,0,,Never Contacted,Business Growth
CUST00192,57,Male,Salaried,791484.2,Married,Secondary,Bhopal,Tier3,Salary,163,74165.71,685,Home Loan,Active,9860.22,0,0.0,0,,Never Contacted,Mass Salaried Regular
CUST00193,27,Male,Salaried,353104.83,Married,Secondary,Kochi,Tier2,Savings,29,16196.26,716,Home Loan,Defaulted,0.0,1,27.8,0,,Never Contacted,Mass Salaried Regular
CUST00194,24,Male,Self-Employed,559993.55,Single,Secondary,Delhi,Tier1,Savings,204,19261.82,434,Home Loan,Active,10233.04,1,83.0,5,92.0,Other,Credit Stressed
CUST00195,45,Male,Salaried,495872.68,Married,Secondary,Nagpur,Tier2,Savings,170,34273.61,701,Home Loan,Closed,0.0,1,33.8,0,,Never Contacted,Mass Salaried Regular
CUST00196,48,Male,Salaried,728675.62,Married,Unknown,Ahmedabad,Tier2,Current,186,53705.3,678,None,None,0.0,1,25.1,0,,Never Contacted,Mass Salaried Regular
CUST00197,45,Female,Homemaker,120000.0,Single,Secondary,Bengaluru,Tier1,Savings,169,20249.45,742,None,None,0.0,0,0.0,0,,Never Contacted,Dormant Inactive
CUST00198,31,Male,Salaried,507089.4,Single,Secondary,Jaipur,Tier2,Savings,78,3548.0,432,Personal Loan,Closed,0.0,1,69.6,0,,Never Contacted,Credit Stressed
CUST00199,55,Female,Salaried,296405.76,Divorced,Secondary,Patna,Tier3,Salary,32,71935.45,769,Home Loan,Active,4080.39,1,27.3,0,,Never Contacted,Mass Salaried Regular
CUST00200,34,Male,Salaried,342614.79,Married,Secondary,Bengaluru,Tier1,Savings,238,28220.6,760,Home Loan,Active,3843.66,1,30.9,5,184.0,Failure,Mass Salaried Regular
CUST00201,73,Female,Retired,204900.29,Married,Tertiary,Mumbai,Tier1,Senior Citizen,90,211158.33,785,None,None,0.0,0,0.0,0,,Never Contacted,Retiree Conservative
CUST00202,29,Male,Business Owner,482439.82,Married,Tertiary,Bhopal,Tier3,Savings,78,201823.62,691,Home Loan,Active,6903.27,1,32.9,0,,Never Contacted,Business Growth
CUST00203,60,Female,Salaried,228543.43,Married,Secondary,Ahmedabad,Tier2,Senior Citizen,39,53083.98,666,Personal Loan,Closed,0.0,1,20.2,0,,Never Contacted,Young Digital
CUST00204,34,Male,Salaried,373363.26,Married,Secondary,Indore,Tier2,Salary,176,75751.45,750,Home Loan,Active,8058.08,1,27.5,0,,Never Contacted,Mass Salaried Regular
CUST00205,31,Male,Salaried,3823484.52,Single,Unknown,Bengaluru,Tier1,Savings,11,1463243.4,751,Home Loan,Closed,0.0,1,9.1,3,170.0,Failure,Priority Affluent
CUST00206,56,Female,Professional,762329.37,Married,Secondary,Pune,Tier1,Savings,118,38836.45,757,None,None,0.0,1,29.4,0,,Never Contacted,Mass Salaried Regular
CUST00207,30,Female,Salaried,583494.87,Single,Secondary,Bengaluru,Tier1,Savings,177,139096.39,693,None,None,0.0,1,26.0,0,,Never Contacted,Mass Salaried Regular
CUST00208,48,Female,Salaried,145655.02,Married,Unknown,Chandigarh,Tier2,Savings,81,3587.7,709,None,None,0.0,0,0.0,0,,Never Contacted,Dormant Inactive
CUST00209,60,Female,Salaried,426097.78,Married,Secondary,Lucknow,Tier2,Senior Citizen,115,93563.56,707,Personal Loan,Closed,0.0,1,29.7,0,,Never Contacted,Mass Salaried Regular
CUST00210,28,Male,Student,212095.59,Single,Secondary,Patna,Tier3,Student,114,58724.07,670,None,None,0.0,0,0.0,5,63.0,Failure,Young Digital
CUST00211,51,Female,Salaried,322473.17,Divorced,Tertiary,Patna,Tier3,Salary,147,5263.0,659,Home Loan,Active,6427.07,0,0.0,0,,Never Contacted,Dormant Inactive
CUST00212,36,Female,Retired,182688.07,Married,Secondary,Jaipur,Tier2,Savings,102,3222.02,626,None,None,0.0,0,0.0,0,,Never Contacted,Dormant Inactive
CUST00213,50,Female,Salaried,423955.84,Married,Secondary,Patna,Tier3,Savings,35,99810.5,710,Home Loan,Active,10991.48,0,0.0,0,,Never Contacted,Mass Salaried Regular
CUST00214,55,Male,Retired,302959.74,Married,Tertiary,Kochi,Tier2,Savings,9,167292.71,761,None,None,0.0,0,0.0,0,,Never Contacted,Retiree Conservative
CUST00215,30,Male,Homemaker,284000.2,Single,Primary,Hyderabad,Tier1,Current,106,2314.42,645,None,None,0.0,1,6.4,0,,Never Contacted,Dormant Inactive
CUST00216,59,Female,Retired,274619.59,Married,Primary,Ahmedabad,Tier2,Savings,96,385847.67,811,None,None,0.0,0,0.0,0,,Never Contacted,Retiree Conservative
CUST00217,40,Female,Salaried,796264.8,Single,Secondary,Hyderabad,Tier1,Salary,225,108137.65,702,None,None,0.0,1,26.2,0,,Never Contacted,Mass Salaried Regular
CUST00218,29,Male,Salaried,655520.08,Single,Secondary,Bengaluru,Tier1,Salary,239,45498.8,741,Home Loan,Active,12027.05,1,25.6,0,,Never Contacted,Mass Salaried Regular
CUST00219,47,Female,Self-Employed,1224325.05,Married,Tertiary,Delhi,Tier1,Savings,164,126078.43,720,Home Loan,Active,27425.2,1,50.8,0,,Never Contacted,Business Growth
CUST00220,39,Female,Salaried,701794.84,Married,Secondary,Delhi,Tier1,Savings,180,116302.64,705,Home Loan,Active,18459.69,0,0.0,0,,Never Contacted,Mass Salaried Regular
CUST00221,37,Male,Professional,436617.98,Married,Secondary,Coimbatore,Tier2,Salary,96,113243.83,682,None,None,0.0,1,34.6,1,326.0,Success,Mass Salaried Regular
CUST00222,49,Female,Salaried,530623.08,Divorced,Tertiary,Kolkata,Tier1,Salary,66,24792.09,639,None,None,0.0,0,0.0,0,,Never Contacted,Young Digital
CUST00223,39,Male,Homemaker,120000.0,Married,Primary,Delhi,Tier1,Savings,140,6629.86,638,Personal Loan,Active,3005.76,0,0.0,2,168.0,Other,Dormant Inactive
CUST00224,46,Female,Self-Employed,768567.1,Married,Primary,Mumbai,Tier1,Salary,182,1369517.24,724,Home Loan,Active,12123.0,0,0.0,0,,Never Contacted,Business Growth
CUST00225,36,Male,Salaried,534918.88,Married,Secondary,Bengaluru,Tier1,Salary,148,83320.95,727,Home Loan,Closed,0.0,1,36.8,0,,Never Contacted,Mass Salaried Regular
CUST00226,40,Female,Business Owner,353445.54,Divorced,Tertiary,Chennai,Tier1,Savings,107,1291667.99,715,None,None,0.0,0,0.0,1,189.0,Failure,Business Growth
CUST00227,34,Male,Salaried,3630778.37,Married,Tertiary,Ahmedabad,Tier2,Salary,133,717158.62,826,None,None,0.0,1,11.0,0,,Never Contacted,Priority Affluent
CUST00228,35,Female,Salaried,368430.06,Married,Tertiary,Coimbatore,Tier2,Current,198,21201.67,624,Personal Loan,Active,2943.64,0,0.0,0,,Never Contacted,Young Digital
CUST00229,52,Male,Self-Employed,122946.16,Married,Tertiary,Patna,Tier3,Savings,7,7442.64,679,Education Loan,Active,2233.96,0,0.0,0,,Never Contacted,Dormant Inactive
CUST00230,40,Female,Salaried,1562165.7,Married,Primary,Lucknow,Tier2,Salary,176,562690.38,823,Home Loan,Active,39669.4,1,18.4,0,,Never Contacted,Priority Affluent
CUST00231,26,Male,Salaried,917032.14,Single,Secondary,Chandigarh,Tier2,Savings,179,56743.89,724,Home Loan,Defaulted,0.0,0,0.0,2,356.0,Failure,Mass Salaried Regular
CUST00232,39,Female,Salaried,609215.0,Single,Secondary,Indore,Tier2,Savings,104,41131.6,709,None,None,0.0,0,0.0,0,,Never Contacted,Mass Salaried Regular
CUST00233,33,Male,Self-Employed,1041633.61,Married,Tertiary,Kolkata,Tier1,Savings,7,321509.05,711,Home Loan,Active,26678.43,0,0.0,0,,Never Contacted,Business Growth
CUST00234,35,Female,Homemaker,186242.13,Married,Unknown,Lucknow,Tier2,Savings,49,1609.82,627,None,None,0.0,0,0.0,0,,Never Contacted,Dormant Inactive
CUST00235,36,Male,Self-Employed,3290472.3,Married,Secondary,Indore,Tier2,Savings,192,253908.11,726,Home Loan,Active,66027.98,0,0.0,2,343.0,Failure,Business Growth
CUST00236,54,Male,Retired,333596.31,Married,Primary,Bhopal,Tier3,Salary,55,194253.01,766,None,None,0.0,0,0.0,0,,Never Contacted,Retiree Conservative
CUST00237,27,Female,Salaried,238748.91,Single,Tertiary,Mumbai,Tier1,Current,58,5201.13,638,None,None,0.0,1,29.6,0,,Never Contacted,Young Digital
CUST00238,52,Female,Retired,195407.33,Married,Tertiary,Nagpur,Tier2,Salary,139,198655.03,798,Personal Loan,Active,2629.56,1,4.3,0,,Never Contacted,Retiree Conservative
CUST00239,55,Male,Business Owner,1465650.38,Married,Secondary,Nagpur,Tier2,Salary,5,1227915.8,840,None,None,0.0,1,10.3,0,,Never Contacted,Priority Affluent
CUST00240,37,Male,Salaried,2567923.42,Married,Tertiary,Chennai,Tier1,Savings,233,425051.91,811,None,None,0.0,0,0.0,0,,Never Contacted,Priority Affluent
CUST00241,38,Male,Salaried,214940.38,Married,Primary,Delhi,Tier1,Current,10,2528.4,369,Home Loan,Active,5439.68,0,0.0,0,,Never Contacted,Credit Stressed
CUST00242,77,Female,Retired,585760.79,Married,Primary,Chandigarh,Tier2,Senior Citizen,148,915368.26,780,None,None,0.0,0,0.0,2,91.0,Other,Retiree Conservative
CUST00243,36,Female,Professional,945018.47,Single,Secondary,Lucknow,Tier2,Savings,4,59665.72,680,Home Loan,Active,24505.33,0,0.0,8,144.0,Other,Mass Salaried Regular
CUST00244,35,Female,Salaried,290862.65,Divorced,Secondary,Jaipur,Tier2,Savings,191,4607.4,706,Home Loan,Closed,0.0,1,23.6,0,,Never Contacted,Young Digital
CUST00245,47,Male,Salaried,183061.57,Married,Primary,Hyderabad,Tier1,Savings,177,7026.65,665,None,None,0.0,0,0.0,0,,Never Contacted,Dormant Inactive
CUST00246,34,Female,Salaried,267920.28,Married,Primary,Coimbatore,Tier2,Current,162,6830.68,348,Home Loan,Active,4688.6,1,66.9,0,,Never Contacted,Credit Stressed
CUST00247,36,Other,Homemaker,122855.44,Single,Secondary,Mumbai,Tier1,Savings,170,9236.86,648,Home Loan,Active,1603.41,1,8.5,0,,Never Contacted,Dormant Inactive
CUST00248,32,Female,Salaried,664272.4,Married,Secondary,Nagpur,Tier2,Salary,240,102906.84,706,None,None,0.0,1,28.0,0,,Never Contacted,Mass Salaried Regular
CUST00249,41,Female,Salaried,1263421.05,Married,Secondary,Hyderabad,Tier1,Salary,203,361509.07,690,Auto Loan,Active,10564.23,0,0.0,0,,Never Contacted,Mass Salaried Regular
CUST00250,33,Other,Student,291627.36,Single,Tertiary,Lucknow,Tier2,Student,185,38393.21,672,Home Loan,Active,7741.71,1,36.0,0,,Never Contacted,Young Digital
CUST00251,53,Male,Salaried,120000.0,Married,Secondary,Mumbai,Tier1,Salary,96,7140.35,542,Home Loan,Active,1668.94,0,0.0,0,,Never Contacted,Dormant Inactive
CUST00252,41,Female,Self-Employed,540267.8,Married,Secondary,Delhi,Tier1,Current,174,12697.73,508,Home Loan,Active,5255.34,1,68.9,3,316.0,Failure,Credit Stressed
CUST00253,50,Male,Student,406011.7,Married,Secondary,Patna,Tier3,Student,209,48185.05,669,Home Loan,Active,5200.07,0,0.0,2,197.0,Success,Young Digital
CUST00254,35,Female,Salaried,891817.67,Single,Tertiary,Kolkata,Tier1,Current,42,98098.37,773,None,None,0.0,1,30.2,0,,Never Contacted,Mass Salaried Regular
CUST00255,29,Male,Salaried,385240.18,Single,Secondary,Chennai,Tier1,Salary,109,151378.86,627,Home Loan,Closed,0.0,0,0.0,0,,Never Contacted,Mass Salaried Regular
CUST00256,51,Female,Retired,336187.2,Married,Primary,Hyderabad,Tier1,Savings,165,227405.52,817,None,None,0.0,0,0.0,0,,Never Contacted,Retiree Conservative
CUST00257,80,Female,Retired,371554.9,Married,Secondary,Pune,Tier1,Senior Citizen,108,232722.04,775,None,None,0.0,0,0.0,1,371.0,Success,Retiree Conservative
CUST00258,26,Male,Salaried,2678232.87,Married,Tertiary,Bengaluru,Tier1,Salary,82,814401.92,836,Home Loan,Active,69472.31,1,9.2,0,,Never Contacted,Priority Affluent
CUST00259,45,Male,Business Owner,1918688.58,Married,Secondary,Indore,Tier2,Salary,115,632409.46,881,None,None,0.0,1,8.5,0,,Never Contacted,Priority Affluent
CUST00260,35,Female,Salaried,306922.74,Married,Secondary,Pune,Tier1,Salary,106,5279.35,709,Home Loan,Active,6123.1,0,0.0,0,,Never Contacted,Dormant Inactive
CUST00261,47,Female,Salaried,373152.82,Married,Secondary,Jaipur,Tier2,Savings,185,111256.28,700,Personal Loan,Active,7568.71,1,23.2,0,,Never Contacted,Mass Salaried Regular
CUST00262,31,Female,Salaried,393656.04,Married,Secondary,Nagpur,Tier2,Current,142,8701.22,607,None,None,0.0,1,82.9,0,,Never Contacted,Credit Stressed
CUST00263,35,Male,Salaried,355119.4,Single,Tertiary,Delhi,Tier1,Savings,196,101330.75,699,None,None,0.0,0,0.0,0,,Never Contacted,Mass Salaried Regular
CUST00264,29,Female,Salaried,403372.97,Single,Secondary,Patna,Tier3,Savings,39,82769.02,720,Home Loan,Active,7859.19,1,31.0,0,,Never Contacted,Mass Salaried Regular
CUST00265,28,Male,Business Owner,454221.21,Single,Tertiary,Mumbai,Tier1,Savings,186,860435.09,719,None,None,0.0,0,0.0,0,,Never Contacted,Business Growth
CUST00266,38,Female,Salaried,220519.61,Married,Secondary,Ranchi,Tier3,Current,110,39797.18,719,Personal Loan,Active,6210.44,1,38.3,0,,Never Contacted,Mass Salaried Regular
CUST00267,41,Male,Salaried,421621.95,Divorced,Secondary,Ahmedabad,Tier2,Salary,233,76229.8,708,Home Loan,Active,6949.26,0,0.0,0,,Never Contacted,Mass Salaried Regular
CUST00268,31,Female,Professional,694306.31,Single,Secondary,Indore,Tier2,Savings,54,63628.63,715,Home Loan,Active,13258.0,0,0.0,0,,Never Contacted,Mass Salaried Regular
CUST00269,34,Female,Business Owner,1873157.12,Single,Tertiary,Chandigarh,Tier2,Savings,234,551963.48,840,None,None,0.0,1,6.9,0,,Never Contacted,Priority Affluent
CUST00270,49,Male,Salaried,1457286.53,Married,Secondary,Delhi,Tier1,Salary,106,446804.43,834,Home Loan,Active,22661.66,1,13.2,0,,Never Contacted,Priority Affluent
CUST00271,52,Female,Salaried,1541838.17,Married,Secondary,Nagpur,Tier2,Salary,125,385092.43,823,Personal Loan,Active,19947.76,1,10.8,0,,Never Contacted,Priority Affluent
CUST00272,40,Male,Salaried,589843.87,Married,Secondary,Hyderabad,Tier1,Savings,128,107745.04,773,Home Loan,Active,10824.36,0,0.0,1,172.0,Failure,Mass Salaried Regular
CUST00273,39,Male,Business Owner,2509279.29,Single,Tertiary,Indore,Tier2,Current,183,617479.23,838,None,None,0.0,1,6.7,3,133.0,Failure,Priority Affluent
CUST00274,28,Male,Salaried,284219.73,Single,Unknown,Hyderabad,Tier1,Savings,14,3833.73,646,None,None,0.0,0,0.0,1,231.0,Success,Dormant Inactive
CUST00275,29,Male,Self-Employed,120000.0,Married,Tertiary,Hyderabad,Tier1,Current,82,2869.85,749,None,None,0.0,0,0.0,0,,Never Contacted,Dormant Inactive
CUST00276,31,Male,Professional,397022.7,Single,Secondary,Jaipur,Tier2,Salary,90,53932.75,729,Home Loan,Closed,0.0,1,29.4,0,,Never Contacted,Mass Salaried Regular
CUST00277,44,Male,Salaried,442876.08,Single,Secondary,Chennai,Tier1,Salary,208,83568.56,702,Home Loan,Active,9240.52,1,33.8,2,361.0,Other,Mass Salaried Regular
CUST00278,34,Female,Student,228623.5,Married,Secondary,Ranchi,Tier3,Student,114,23478.29,652,None,None,0.0,1,21.8,0,,Never Contacted,Young Digital
CUST00279,33,Male,Salaried,647043.08,Married,Secondary,Bhopal,Tier3,Savings,169,1633.93,379,Home Loan,Active,7744.44,1,76.6,0,,Never Contacted,Credit Stressed
CUST00280,40,Male,Self-Employed,364444.4,Married,Primary,Patna,Tier3,Savings,140,23604.17,342,Home Loan,Closed,0.0,0,0.0,0,,Never Contacted,Credit Stressed
CUST00281,52,Male,Salaried,1481153.67,Married,Primary,Kolkata,Tier1,Current,74,222164.07,791,Home Loan,Active,10103.57,1,15.8,0,,Never Contacted,Priority Affluent
CUST00282,29,Male,Salaried,367830.09,Married,Primary,Jaipur,Tier2,Current,63,50770.92,694,Home Loan,Active,6090.3,0,0.0,2,356.0,Failure,Mass Salaried Regular
CUST00283,34,Male,Salaried,657223.57,Married,Primary,Indore,Tier2,Savings,233,126766.63,687,Personal Loan,Active,11872.04,1,37.7,0,,Never Contacted,Mass Salaried Regular
CUST00284,36,Female,Salaried,711244.35,Married,Secondary,Kochi,Tier2,Current,105,179656.71,698,Education Loan,Active,13139.92,0,0.0,0,,Never Contacted,Mass Salaried Regular
CUST00285,42,Male,Self-Employed,228799.93,Married,Primary,Patna,Tier3,Savings,53,7186.58,691,Personal Loan,Active,2790.63,0,0.0,0,,Never Contacted,Dormant Inactive
CUST00286,29,Male,Professional,782159.1,Married,Secondary,Kochi,Tier2,Savings,118,93491.27,771,Home Loan,Closed,0.0,1,31.6,0,,Never Contacted,Mass Salaried Regular
CUST00287,39,Male,Salaried,1558743.42,Married,Tertiary,Bengaluru,Tier1,Savings,236,375215.6,876,Personal Loan,Active,28038.92,1,16.1,0,,Never Contacted,Priority Affluent
CUST00288,32,Male,Salaried,393788.32,Married,Secondary,Patna,Tier3,Current,173,44472.74,735,Education Loan,Active,9571.03,1,23.5,0,,Never Contacted,Mass Salaried Regular
CUST00289,33,Other,Student,231404.06,Single,Tertiary,Pune,Tier1,Student,217,8098.08,676,None,None,0.0,0,0.0,0,,Never Contacted,Young Digital
CUST00290,40,Female,Professional,1146874.75,Married,Secondary,Mumbai,Tier1,Savings,198,555157.1,835,None,None,0.0,1,7.3,0,,Never Contacted,Priority Affluent
CUST00291,31,Female,Salaried,408356.67,Single,Secondary,Coimbatore,Tier2,Current,135,3135.9,436,Home Loan,Active,7799.2,1,67.0,0,,Never Contacted,Credit Stressed
CUST00292,32,Male,Business Owner,4655194.53,Single,Tertiary,Chennai,Tier1,Savings,57,404090.62,789,None,None,0.0,1,12.3,0,,Never Contacted,Priority Affluent
CUST00293,50,Male,Self-Employed,1085909.55,Married,Primary,Patna,Tier3,Current,35,324003.84,774,Home Loan,Active,8772.89,1,43.8,0,,Never Contacted,Business Growth
CUST00294,39,Male,Business Owner,2595352.98,Divorced,Tertiary,Patna,Tier3,Salary,121,402346.16,876,Home Loan,Active,36678.7,1,10.7,0,,Never Contacted,Priority Affluent
CUST00295,33,Male,Salaried,342517.42,Married,Secondary,Ranchi,Tier3,Savings,127,17230.86,462,Home Loan,Active,2701.85,0,0.0,0,,Never Contacted,Credit Stressed
CUST00296,37,Female,Salaried,305346.92,Married,Secondary,Nagpur,Tier2,Savings,147,12319.29,421,None,None,0.0,0,0.0,0,,Never Contacted,Credit Stressed
CUST00297,34,Female,Business Owner,2000106.48,Married,Tertiary,Ranchi,Tier3,Savings,62,217747.17,710,Home Loan,Active,14221.44,1,49.7,0,,Never Contacted,Business Growth
CUST00298,51,Female,Retired,185521.69,Married,Primary,Ranchi,Tier3,Savings,147,348958.11,756,None,None,0.0,1,3.8,0,,Never Contacted,Retiree Conservative
CUST00299,59,Male,Retired,404946.2,Divorced,Primary,Pune,Tier1,Salary,47,230211.9,756,Home Loan,Active,6389.96,0,0.0,0,,Never Contacted,Retiree Conservative
CUST00300,37,Male,Homemaker,179884.99,Married,Unknown,Chandigarh,Tier2,Savings,136,8158.29,682,None,None,0.0,0,0.0,0,,Never Contacted,Dormant Inactive
CUST00301,58,Male,Retired,350790.22,Married,Secondary,Lucknow,Tier2,Savings,158,93738.41,767,Home Loan,Closed,0.0,0,0.0,0,,Never Contacted,Retiree Conservative
CUST00302,47,Male,Salaried,624507.01,Single,Secondary,Coimbatore,Tier2,Current,80,125671.87,730,Home Loan,Closed,0.0,1,33.0,4,92.0,Other,Mass Salaried Regular
CUST00303,41,Female,Student,568577.24,Married,Secondary,Ranchi,Tier3,Student,99,24987.93,661,Personal Loan,Active,12997.42,1,24.8,0,,Never Contacted,Young Digital
CUST00304,29,Male,Student,206474.04,Single,Secondary,Chennai,Tier1,Student,206,31527.05,603,None,None,0.0,0,0.0,7,184.0,Other,Young Digital
CUST00305,26,Female,Salaried,273047.67,Married,Secondary,Indore,Tier2,Savings,77,14375.34,629,Home Loan,Active,5588.53,0,0.0,0,,Never Contacted,Credit Stressed
CUST00306,29,Female,Self-Employed,192742.21,Single,Tertiary,Coimbatore,Tier2,Savings,71,11988.47,678,Home Loan,Active,2789.61,0,0.0,0,,Never Contacted,Young Digital
CUST00307,36,Male,Professional,885947.32,Married,Secondary,Mumbai,Tier1,Savings,98,86753.56,717,Home Loan,Closed,0.0,1,29.6,0,,Never Contacted,Mass Salaried Regular
CUST00308,50,Female,Retired,163251.8,Single,Secondary,Hyderabad,Tier1,Savings,60,5763.53,668,None,None,0.0,0,0.0,0,,Never Contacted,Dormant Inactive
CUST00309,32,Male,Salaried,736353.59,Married,Secondary,Chandigarh,Tier2,Savings,209,56770.17,745,Personal Loan,Active,17314.07,0,0.0,0,,Never Contacted,Mass Salaried Regular
CUST00310,33,Female,Salaried,484507.52,Married,Tertiary,Chandigarh,Tier2,Salary,157,119737.18,663,None,None,0.0,1,28.6,0,,Never Contacted,Mass Salaried Regular
CUST00311,39,Female,Salaried,412046.6,Divorced,Secondary,Ahmedabad,Tier2,Savings,189,13443.2,664,Home Loan,Defaulted,0.0,1,38.9,0,,Never Contacted,Young Digital
CUST00312,38,Female,Salaried,640821.76,Single,Unknown,Kochi,Tier2,Savings,168,43912.44,666,None,None,0.0,1,32.1,0,,Never Contacted,Mass Salaried Regular
CUST00313,52,Male,Salaried,733347.15,Married,Secondary,Chandigarh,Tier2,Savings,99,128465.27,694,Home Loan,Active,16139.17,1,31.4,1,99.0,Failure,Mass Salaried Regular
CUST00314,28,Male,Salaried,617090.22,Single,Secondary,Patna,Tier3,Savings,65,74158.65,690,Home Loan,Active,10619.46,1,22.1,0,,Never Contacted,Mass Salaried Regular
CUST00315,55,Male,Professional,413231.8,Married,Primary,Bengaluru,Tier1,Salary,156,166215.13,747,Home Loan,Active,6872.97,0,0.0,0,,Never Contacted,Mass Salaried Regular
CUST00316,56,Male,Salaried,376332.19,Married,Primary,Nagpur,Tier2,Salary,183,105173.21,714,Personal Loan,Closed,0.0,0,0.0,0,,Never Contacted,Mass Salaried Regular
CUST00317,30,Male,Salaried,316695.16,Married,Tertiary,Ranchi,Tier3,Savings,160,126642.29,715,Personal Loan,Active,7437.76,1,30.7,0,,Never Contacted,Mass Salaried Regular
CUST00318,55,Female,Salaried,295924.77,Married,Primary,Delhi,Tier1,Salary,71,12638.7,706,None,None,0.0,1,11.6,0,,Never Contacted,Dormant Inactive
CUST00319,38,Female,Salaried,443440.46,Married,Secondary,Chennai,Tier1,Savings,127,186201.05,688,Home Loan,Active,6452.03,1,29.3,0,,Never Contacted,Mass Salaried Regular
CUST00320,30,Male,Business Owner,3980220.79,Married,Tertiary,Nagpur,Tier2,Savings,111,403990.11,740,None,None,0.0,1,45.1,0,,Never Contacted,Business Growth
CUST00321,47,Female,Salaried,352692.16,Married,Primary,Chandigarh,Tier2,Savings,210,25021.89,558,Education Loan,Active,6065.81,1,81.4,0,,Never Contacted,Credit Stressed
CUST00322,46,Male,Salaried,212900.1,Married,Secondary,Chennai,Tier1,Savings,104,19154.72,678,Home Loan,Active,2368.66,0,0.0,0,,Never Contacted,Young Digital
CUST00323,40,Female,Salaried,340034.07,Married,Secondary,Bhopal,Tier3,Salary,84,62545.58,722,Home Loan,Active,2274.94,0,0.0,0,,Never Contacted,Mass Salaried Regular
CUST00324,52,Female,Student,429720.64,Married,Secondary,Coimbatore,Tier2,Student,14,29337.49,610,Home Loan,Active,7262.07,1,22.9,0,,Never Contacted,Young Digital
CUST00325,21,Male,Salaried,416468.53,Single,Secondary,Hyderabad,Tier1,Salary,63,5927.6,339,Auto Loan,Closed,0.0,1,71.0,0,,Never Contacted,Credit Stressed
CUST00326,33,Female,Self-Employed,193594.43,Married,Primary,Bhopal,Tier3,Salary,79,5089.42,614,Home Loan,Closed,0.0,0,0.0,0,,Never Contacted,Dormant Inactive
CUST00327,77,Male,Retired,548651.24,Married,Tertiary,Pune,Tier1,Senior Citizen,108,124490.09,741,None,None,0.0,0,0.0,0,,Never Contacted,Retiree Conservative
CUST00328,54,Female,Student,278048.43,Married,Tertiary,Ahmedabad,Tier2,Student,220,12035.99,655,None,None,0.0,0,0.0,0,,Never Contacted,Young Digital
CUST00329,39,Female,Salaried,171343.85,Married,Primary,Jaipur,Tier2,Salary,128,20471.27,630,None,None,0.0,0,0.0,0,,Never Contacted,Dormant Inactive
CUST00330,59,Male,Salaried,683317.58,Married,Primary,Indore,Tier2,Current,106,57303.71,761,None,None,0.0,0,0.0,0,,Never Contacted,Mass Salaried Regular
CUST00331,55,Male,Retired,271284.84,Married,Secondary,Kolkata,Tier1,Current,75,203675.74,758,Personal Loan,Active,6294.02,0,0.0,0,,Never Contacted,Retiree Conservative
CUST00332,42,Male,Salaried,247984.84,Married,Secondary,Ranchi,Tier3,Savings,101,168984.07,690,None,None,0.0,0,0.0,0,,Never Contacted,Mass Salaried Regular
CUST00333,21,Male,Retired,200021.59,Single,Secondary,Chandigarh,Tier2,Current,189,8585.24,715,None,None,0.0,1,7.9,0,,Never Contacted,Dormant Inactive
CUST00334,55,Male,Salaried,562162.58,Married,Primary,Indore,Tier2,Savings,219,14147.82,347,None,None,0.0,1,75.4,0,,Never Contacted,Credit Stressed
CUST00335,39,Female,Salaried,249326.72,Single,Secondary,Ranchi,Tier3,Savings,148,253896.59,675,Home Loan,Active,6732.31,1,21.9,3,357.0,Other,Mass Salaried Regular
CUST00336,36,Female,Homemaker,263093.34,Married,Primary,Kochi,Tier2,Savings,4,6674.44,641,Home Loan,Closed,0.0,0,0.0,0,,Never Contacted,Dormant Inactive
CUST00337,40,Female,Professional,6717081.89,Married,Tertiary,Mumbai,Tier1,Salary,70,855490.52,775,Home Loan,Active,169266.05,1,7.4,0,,Never Contacted,Priority Affluent
CUST00338,56,Male,Retired,288108.66,Divorced,Secondary,Bhopal,Tier3,Current,77,316434.57,737,Home Loan,Active,3206.18,0,0.0,0,,Never Contacted,Retiree Conservative
CUST00339,41,Male,Professional,1699864.4,Married,Secondary,Delhi,Tier1,Savings,162,1044167.39,787,Home Loan,Closed,0.0,1,13.9,0,,Never Contacted,Priority Affluent
CUST00340,34,Female,Business Owner,3314752.68,Single,Tertiary,Indore,Tier2,Current,232,239869.39,751,Home Loan,Active,75765.65,0,0.0,0,,Never Contacted,Business Growth
CUST00341,58,Female,Salaried,424109.13,Married,Secondary,Patna,Tier3,Salary,99,208081.29,740,Education Loan,Active,10076.54,0,0.0,0,,Never Contacted,Mass Salaried Regular
CUST00342,34,Male,Business Owner,899019.5,Married,Tertiary,Ahmedabad,Tier2,Savings,58,902713.62,752,None,None,0.0,0,0.0,0,,Never Contacted,Business Growth
CUST00343,77,Male,Retired,504733.42,Married,Tertiary,Ahmedabad,Tier2,Senior Citizen,200,235515.98,795,None,None,0.0,0,0.0,0,,Never Contacted,Retiree Conservative
CUST00344,42,Male,Retired,161807.39,Single,Unknown,Kolkata,Tier1,Salary,210,2726.28,737,None,None,0.0,0,0.0,0,,Never Contacted,Dormant Inactive
CUST00345,44,Male,Retired,340338.34,Divorced,Primary,Kochi,Tier2,Salary,212,328381.15,790,Home Loan,Closed,0.0,0,0.0,0,,Never Contacted,Retiree Conservative
CUST00346,48,Female,Retired,314601.38,Married,Primary,Bengaluru,Tier1,Salary,125,481811.38,756,Home Loan,Active,6381.58,0,0.0,0,,Never Contacted,Retiree Conservative
CUST00347,30,Female,Self-Employed,861874.06,Single,Tertiary,Lucknow,Tier2,Savings,82,150074.8,730,Education Loan,Active,19641.09,1,44.2,0,,Never Contacted,Business Growth
CUST00348,31,Female,Salaried,873159.56,Single,Unknown,Bengaluru,Tier1,Savings,42,73848.87,685,Home Loan,Active,16142.86,0,0.0,1,260.0,Failure,Mass Salaried Regular
CUST00349,31,Male,Retired,146399.95,Single,Secondary,Chandigarh,Tier2,Salary,132,1630.09,636,Home Loan,Active,1629.66,0,0.0,0,,Never Contacted,Dormant Inactive
CUST00350,37,Female,Business Owner,1530904.13,Married,Tertiary,Delhi,Tier1,Savings,214,1093124.88,707,None,None,0.0,0,0.0,0,,Never Contacted,Priority Affluent
CUST00351,33,Male,Salaried,251758.48,Married,Secondary,Chandigarh,Tier2,Savings,197,3852.75,689,Home Loan,Active,5086.41,1,14.0,0,,Never Contacted,Dormant Inactive
CUST00352,37,Male,Salaried,480391.36,Married,Secondary,Coimbatore,Tier2,Savings,153,29039.87,729,Home Loan,Active,8366.96,0,0.0,0,,Never Contacted,Mass Salaried Regular
CUST00353,28,Male,Salaried,419739.24,Single,Tertiary,Chennai,Tier1,Salary,54,34605.08,614,None,None,0.0,1,25.3,0,,Never Contacted,Young Digital
CUST00354,32,Female,Salaried,120000.0,Married,Primary,Indore,Tier2,Salary,187,15142.21,678,None,None,0.0,0,0.0,0,,Never Contacted,Dormant Inactive
CUST00355,29,Female,Salaried,314831.75,Single,Secondary,Kolkata,Tier1,Current,212,131897.91,677,Home Loan,Active,8907.55,1,28.3,0,,Never Contacted,Young Digital
CUST00356,35,Female,Salaried,289996.81,Single,Tertiary,Lucknow,Tier2,Salary,112,12540.65,676,None,None,0.0,1,36.0,5,328.0,Failure,Young Digital
CUST00357,60,Male,Retired,271791.52,Married,Primary,Kolkata,Tier1,Senior Citizen,55,149971.54,739,None,None,0.0,0,0.0,0,,Never Contacted,Retiree Conservative
CUST00358,61,Female,Retired,259877.99,Married,Primary,Kochi,Tier2,Senior Citizen,36,296580.83,733,Home Loan,Active,2066.16,0,0.0,0,,Never Contacted,Retiree Conservative
CUST00359,51,Male,Salaried,251388.8,Single,Tertiary,Lucknow,Tier2,Savings,110,87465.6,651,Home Loan,Active,2101.75,0,0.0,7,171.0,Failure,Young Digital
CUST00360,29,Male,Homemaker,322117.3,Married,Secondary,Bengaluru,Tier1,Savings,75,2758.16,630,Home Loan,Active,6647.24,0,0.0,0,,Never Contacted,Dormant Inactive
CUST00361,46,Female,Self-Employed,757358.84,Married,Secondary,Chennai,Tier1,Salary,233,104090.78,697,Personal Loan,Active,13584.15,1,45.1,0,,Never Contacted,Business Growth
CUST00362,35,Female,Business Owner,2933933.66,Single,Tertiary,Pune,Tier1,Current,164,560959.97,814,Home Loan,Active,44399.17,1,13.5,0,,Never Contacted,Priority Affluent
CUST00363,33,Male,Salaried,1043321.73,Single,Tertiary,Coimbatore,Tier2,Current,236,1291350.81,842,None,None,0.0,1,20.1,0,,Never Contacted,Priority Affluent
CUST00364,27,Female,Professional,3690233.16,Single,Tertiary,Bengaluru,Tier1,Salary,125,608248.49,823,None,None,0.0,1,12.7,2,465.0,Failure,Priority Affluent
CUST00365,39,Male,Salaried,175324.66,Married,Secondary,Pune,Tier1,Salary,89,8724.19,639,Personal Loan,Active,2037.09,0,0.0,0,,Never Contacted,Dormant Inactive
CUST00366,55,Female,Professional,510554.63,Married,Primary,Kochi,Tier2,Savings,127,86786.53,770,Home Loan,Active,9171.94,1,28.2,0,,Never Contacted,Mass Salaried Regular
CUST00367,67,Female,Retired,302668.23,Married,Tertiary,Bengaluru,Tier1,Senior Citizen,178,320623.37,779,None,None,0.0,0,0.0,5,155.0,Success,Retiree Conservative
CUST00368,50,Male,Salaried,123182.66,Married,Unknown,Bhopal,Tier3,Savings,81,4960.63,679,Education Loan,Active,3068.64,0,0.0,6,683.0,Failure,Dormant Inactive
CUST00369,27,Male,Professional,588819.07,Single,Secondary,Delhi,Tier1,Current,47,76311.37,655,Personal Loan,Active,14529.2,1,32.6,0,,Never Contacted,Mass Salaried Regular
CUST00370,30,Female,Self-Employed,312896.5,Married,Primary,Nagpur,Tier2,Savings,90,14147.82,443,Home Loan,Active,3478.29,0,0.0,1,175.0,Failure,Credit Stressed
CUST00371,55,Male,Homemaker,289650.43,Married,Primary,Kolkata,Tier1,Savings,236,615741.56,804,None,None,0.0,0,0.0,0,,Never Contacted,Retiree Conservative
CUST00372,37,Male,Salaried,530887.3,Married,Secondary,Jaipur,Tier2,Salary,93,37280.63,715,Home Loan,Active,7891.81,0,0.0,2,349.0,Failure,Mass Salaried Regular
CUST00373,31,Male,Salaried,691448.59,Single,Secondary,Ranchi,Tier3,Savings,2,61499.25,733,Home Loan,Active,15890.71,1,24.8,0,,Never Contacted,Mass Salaried Regular
CUST00374,46,Male,Salaried,580188.46,Married,Secondary,Kochi,Tier2,Current,24,67959.65,722,None,None,0.0,1,30.6,0,,Never Contacted,Mass Salaried Regular
CUST00375,35,Male,Salaried,705857.46,Married,Primary,Lucknow,Tier2,Savings,109,96054.26,686,None,None,0.0,0,0.0,0,,Never Contacted,Mass Salaried Regular
CUST00376,32,Female,Salaried,513317.16,Single,Secondary,Chandigarh,Tier2,Current,145,32256.41,671,None,None,0.0,1,34.6,5,185.0,Other,Mass Salaried Regular
CUST00377,36,Male,Business Owner,1002737.71,Married,Tertiary,Ranchi,Tier3,Current,127,137310.9,715,None,None,0.0,0,0.0,0,,Never Contacted,Business Growth
CUST00378,33,Female,Student,421144.95,Single,Tertiary,Chennai,Tier1,Student,33,13127.81,643,Home Loan,Active,6745.7,0,0.0,1,182.0,Other,Young Digital
CUST00379,56,Other,Salaried,671591.1,Married,Primary,Ahmedabad,Tier2,Savings,120,38836.45,697,Home Loan,Active,10457.63,1,26.2,0,,Never Contacted,Mass Salaried Regular
CUST00380,57,Male,Retired,371534.66,Married,Tertiary,Coimbatore,Tier2,Current,91,124490.09,733,None,None,0.0,0,0.0,0,,Never Contacted,Retiree Conservative
CUST00381,20,Female,Salaried,674812.9,Single,Secondary,Bengaluru,Tier1,Savings,55,8752.13,616,Home Loan,Closed,0.0,0,0.0,0,,Never Contacted,Young Digital
CUST00382,34,Male,Business Owner,1917270.35,Single,Tertiary,Kolkata,Tier1,Current,21,260881.2,719,Home Loan,Active,20428.85,1,35.2,0,,Never Contacted,Business Growth
CUST00383,74,Female,Retired,231427.28,Married,Tertiary,Chennai,Tier1,Senior Citizen,200,353296.12,746,None,None,0.0,0,0.0,1,161.0,Failure,Retiree Conservative
CUST00384,35,Male,Salaried,265814.5,Married,Tertiary,Indore,Tier2,Savings,59,8098.08,664,Home Loan,Active,6786.21,1,21.1,0,,Never Contacted,Young Digital
CUST00385,52,Male,Salaried,325104.88,Divorced,Secondary,Coimbatore,Tier2,Savings,158,151314.6,756,None,None,0.0,1,36.4,1,119.0,Failure,Mass Salaried Regular
CUST00386,56,Male,Self-Employed,2866572.98,Married,Tertiary,Ranchi,Tier3,Salary,206,268349.88,798,Education Loan,Closed,0.0,0,0.0,0,,Never Contacted,Business Growth
CUST00387,43,Female,Salaried,171188.81,Single,Primary,Patna,Tier3,Savings,120,1475.89,609,Personal Loan,Active,4409.91,0,0.0,0,,Never Contacted,Dormant Inactive
CUST00388,32,Female,Self-Employed,1428243.79,Married,Secondary,Bengaluru,Tier1,Current,3,90303.12,725,Home Loan,Active,25227.54,0,0.0,0,,Never Contacted,Business Growth
CUST00389,43,Female,Salaried,954372.83,Divorced,Tertiary,Pune,Tier1,Savings,204,935684.8,889,None,None,0.0,1,12.8,0,,Never Contacted,Priority Affluent
CUST00390,65,Male,Salaried,343704.61,Married,Tertiary,Pune,Tier1,Senior Citizen,141,2533.84,343,None,None,0.0,0,0.0,0,,Never Contacted,Credit Stressed
CUST00391,44,Female,Self-Employed,120000.0,Married,Unknown,Hyderabad,Tier1,Savings,178,5585.1,638,Home Loan,Closed,0.0,0,0.0,0,,Never Contacted,Dormant Inactive
CUST00392,33,Female,Salaried,415800.64,Married,Secondary,Kolkata,Tier1,Savings,201,67379.96,687,Home Loan,Active,7637.35,1,23.2,4,165.0,Failure,Mass Salaried Regular
CUST00393,33,Female,Salaried,326747.28,Single,Secondary,Hyderabad,Tier1,Savings,234,5584.26,688,Home Loan,Active,8616.49,0,0.0,0,,Never Contacted,Dormant Inactive
CUST00394,53,Female,Retired,290501.5,Married,Unknown,Ahmedabad,Tier2,Salary,181,4857.27,635,None,None,0.0,0,0.0,0,,Never Contacted,Dormant Inactive
CUST00395,47,Female,Salaried,4944243.82,Married,Tertiary,Chennai,Tier1,Salary,33,600805.47,816,Home Loan,Active,94910.57,1,9.7,0,,Never Contacted,Priority Affluent
CUST00396,24,Female,Salaried,612616.51,Single,Secondary,Jaipur,Tier2,Savings,156,10599.83,651,None,None,0.0,0,0.0,1,90.0,Failure,Young Digital
CUST00397,56,Male,Salaried,256335.94,Divorced,Tertiary,Bengaluru,Tier1,Savings,211,10163.75,414,None,None,0.0,0,0.0,0,,Never Contacted,Credit Stressed
CUST00398,50,Male,Salaried,525590.98,Married,Primary,Bengaluru,Tier1,Savings,113,56887.78,727,Home Loan,Active,14344.17,0,0.0,0,,Never Contacted,Mass Salaried Regular
CUST00399,23,Male,Self-Employed,125211.21,Single,Secondary,Kolkata,Tier1,Salary,139,13021.57,737,Home Loan,Closed,0.0,1,24.3,7,354.0,Other,Young Digital
CUST00400,28,Male,Salaried,237119.38,Single,Tertiary,Ahmedabad,Tier2,Salary,66,10122.46,603,None,None,0.0,0,0.0,0,,Never Contacted,Young Digital
CUST00401,26,Female,Salaried,370329.4,Married,Secondary,Indore,Tier2,Salary,64,82919.46,783,Personal Loan,Active,7528.37,0,0.0,0,,Never Contacted,Mass Salaried Regular
CUST00402,36,Male,Self-Employed,498872.2,Divorced,Secondary,Bengaluru,Tier1,Savings,102,13800.46,455,Personal Loan,Active,13074.4,0,0.0,0,,Never Contacted,Credit Stressed
CUST00403,55,Female,Retired,327072.49,Married,Primary,Mumbai,Tier1,Salary,159,174859.09,761,None,None,0.0,0,0.0,0,,Never Contacted,Retiree Conservative
CUST00404,34,Male,Business Owner,1057184.06,Married,Tertiary,Kolkata,Tier1,Current,114,512607.4,839,None,None,0.0,1,13.9,0,,Never Contacted,Priority Affluent
CUST00405,39,Female,Self-Employed,1767116.7,Divorced,Secondary,Mumbai,Tier1,Salary,36,793233.49,751,Home Loan,Active,40871.2,0,0.0,0,,Never Contacted,Business Growth
CUST00406,44,Female,Salaried,286000.98,Divorced,Secondary,Pune,Tier1,Savings,11,118349.6,607,Personal Loan,Active,5207.33,1,75.8,0,,Never Contacted,Credit Stressed
CUST00407,29,Male,Salaried,428807.37,Single,Tertiary,Mumbai,Tier1,Salary,122,153831.43,657,Home Loan,Closed,0.0,1,32.2,0,,Never Contacted,Mass Salaried Regular
CUST00408,35,Female,Salaried,322966.79,Married,Primary,Delhi,Tier1,Savings,202,3193.39,454,None,None,0.0,1,75.0,0,,Never Contacted,Credit Stressed
CUST00409,55,Male,Professional,2215159.2,Married,Secondary,Indore,Tier2,Current,139,2490849.61,818,None,None,0.0,1,12.2,0,,Never Contacted,Priority Affluent
CUST00410,57,Female,Self-Employed,654419.71,Married,Tertiary,Pune,Tier1,Salary,197,242645.73,735,None,None,0.0,1,55.2,0,,Never Contacted,Business Growth
CUST00411,39,Male,Retired,120000.0,Single,Unknown,Ranchi,Tier3,Savings,240,1609.82,636,None,None,0.0,0,0.0,0,,Never Contacted,Dormant Inactive
CUST00412,56,Male,Salaried,343326.03,Divorced,Primary,Kochi,Tier2,Salary,176,20903.53,720,Home Loan,Active,2366.91,0,0.0,0,,Never Contacted,Dormant Inactive
CUST00413,49,Male,Professional,1786737.32,Married,Secondary,Nagpur,Tier2,Salary,31,701377.37,855,None,None,0.0,1,14.7,0,,Never Contacted,Priority Affluent
CUST00414,46,Female,Salaried,358434.3,Married,Secondary,Pune,Tier1,Savings,168,8730.11,466,None,None,0.0,0,0.0,0,,Never Contacted,Credit Stressed
CUST00415,43,Female,Professional,2358826.99,Single,Tertiary,Mumbai,Tier1,Salary,93,319830.62,759,Home Loan,Active,49068.0,1,10.0,0,,Never Contacted,Priority Affluent
CUST00416,25,Female,Salaried,535036.55,Single,Unknown,Hyderabad,Tier1,Current,126,139655.52,690,None,None,0.0,1,23.9,12,97.0,Other,Mass Salaried Regular
CUST00417,48,Female,Salaried,897283.29,Married,Secondary,Delhi,Tier1,Savings,47,92400.28,739,Home Loan,Active,14765.79,0,0.0,3,230.0,Failure,Mass Salaried Regular
CUST00418,59,Female,Retired,233182.11,Married,Primary,Ahmedabad,Tier2,Current,35,285984.79,702,Personal Loan,Closed,0.0,0,0.0,0,,Never Contacted,Retiree Conservative
CUST00419,50,Female,Salaried,703259.08,Married,Primary,Patna,Tier3,Savings,186,72494.66,721,Home Loan,Closed,0.0,1,42.6,0,,Never Contacted,Mass Salaried Regular
CUST00420,34,Female,Self-Employed,703953.0,Single,Tertiary,Kolkata,Tier1,Savings,214,4898.76,441,None,None,0.0,1,74.3,0,,Never Contacted,Credit Stressed
CUST00421,39,Female,Retired,123195.5,Married,Primary,Chandigarh,Tier2,Current,87,18532.78,637,Home Loan,Active,1981.05,1,16.4,0,,Never Contacted,Dormant Inactive
CUST00422,39,Female,Business Owner,3865844.76,Married,Secondary,Coimbatore,Tier2,Salary,111,319830.62,787,Home Loan,Active,77686.17,1,19.9,0,,Never Contacted,Priority Affluent
CUST00423,29,Male,Business Owner,2731418.87,Single,Tertiary,Delhi,Tier1,Savings,27,1018805.6,831,None,None,0.0,1,9.7,0,,Never Contacted,Priority Affluent
CUST00424,51,Male,Salaried,3784977.82,Married,Tertiary,Ahmedabad,Tier2,Salary,231,428644.37,816,None,None,0.0,1,17.3,0,,Never Contacted,Priority Affluent
CUST00425,41,Female,Homemaker,193103.33,Single,Unknown,Jaipur,Tier2,Savings,14,6073.97,525,None,None,0.0,0,0.0,1,188.0,Success,Dormant Inactive
CUST00426,68,Female,Retired,293215.48,Divorced,Primary,Coimbatore,Tier2,Senior Citizen,158,234863.67,800,None,None,0.0,0,0.0,0,,Never Contacted,Retiree Conservative
CUST00427,53,Male,Salaried,519146.16,Married,Secondary,Chandigarh,Tier2,Current,140,94611.25,706,None,None,0.0,0,0.0,0,,Never Contacted,Mass Salaried Regular
CUST00428,31,Female,Salaried,372320.61,Married,Secondary,Bhopal,Tier3,Salary,92,19119.71,475,None,None,0.0,1,79.4,0,,Never Contacted,Credit Stressed
CUST00429,42,Male,Business Owner,1037737.74,Married,Secondary,Coimbatore,Tier2,Salary,46,1348315.72,807,None,None,0.0,1,14.3,0,,Never Contacted,Priority Affluent
CUST00430,47,Female,Retired,120000.0,Single,Primary,Chandigarh,Tier2,Savings,191,384867.05,756,None,None,0.0,1,5.2,0,,Never Contacted,Retiree Conservative
CUST00431,49,Male,Business Owner,1107469.46,Married,Tertiary,Nagpur,Tier2,Savings,140,426532.81,793,Home Loan,Defaulted,0.0,1,33.9,0,,Never Contacted,Business Growth
CUST00432,57,Male,Retired,271878.69,Married,Primary,Chennai,Tier1,Salary,27,149971.54,724,None,None,0.0,0,0.0,0,,Never Contacted,Retiree Conservative
CUST00433,32,Male,Homemaker,134234.86,Married,Primary,Indore,Tier2,Current,136,15142.21,583,None,None,0.0,0,0.0,0,,Never Contacted,Dormant Inactive
CUST00434,32,Male,Salaried,644486.97,Single,Secondary,Ranchi,Tier3,Current,27,5030.45,474,Home Loan,Closed,0.0,0,0.0,0,,Never Contacted,Credit Stressed
CUST00435,50,Male,Business Owner,4334909.56,Married,Secondary,Ahmedabad,Tier2,Savings,151,762185.16,803,None,None,0.0,1,15.8,0,,Never Contacted,Priority Affluent
CUST00436,31,Male,Salaried,1009327.4,Single,Unknown,Chandigarh,Tier2,Salary,197,73848.87,695,Home Loan,Active,23695.19,0,0.0,1,260.0,Failure,Mass Salaried Regular
CUST00437,55,Female,Professional,606503.64,Married,Secondary,Patna,Tier3,Savings,84,36818.5,736,Personal Loan,Closed,0.0,1,26.9,0,,Never Contacted,Mass Salaried Regular
CUST00438,32,Female,Salaried,550534.31,Married,Secondary,Hyderabad,Tier1,Current,66,29006.19,650,None,None,0.0,0,0.0,0,,Never Contacted,Young Digital
CUST00439,67,Male,Retired,181781.89,Married,Unknown,Kolkata,Tier1,Senior Citizen,170,235059.2,781,None,None,0.0,0,0.0,2,105.0,Failure,Retiree Conservative
CUST00440,28,Female,Retired,120000.0,Married,Secondary,Bhopal,Tier3,Salary,214,6843.59,707,Home Loan,Active,2735.7,0,0.0,0,,Never Contacted,Dormant Inactive
CUST00441,53,Male,Self-Employed,312035.32,Married,Secondary,Hyderabad,Tier1,Current,86,3353.4,429,Education Loan,Active,3296.22,1,78.4,0,,Never Contacted,Credit Stressed
CUST00442,37,Male,Salaried,683412.8,Divorced,Secondary,Coimbatore,Tier2,Salary,1,45498.8,690,Personal Loan,Defaulted,0.0,1,30.9,0,,Never Contacted,Mass Salaried Regular
CUST00443,59,Male,Retired,310798.96,Married,Secondary,Mumbai,Tier1,Salary,61,124490.09,732,Personal Loan,Closed,0.0,0,0.0,0,,Never Contacted,Retiree Conservative
CUST00444,39,Female,Salaried,469887.29,Single,Secondary,Bhopal,Tier3,Current,46,47702.79,721,Home Loan,Active,11712.88,1,31.1,0,,Never Contacted,Mass Salaried Regular
CUST00445,48,Male,Professional,529196.99,Single,Secondary,Indore,Tier2,Savings,126,58275.43,705,Home Loan,Defaulted,0.0,0,0.0,0,,Never Contacted,Mass Salaried Regular
CUST00446,26,Male,Homemaker,197054.55,Married,Secondary,Kolkata,Tier1,Current,144,2335.9,629,Home Loan,Active,2328.73,0,0.0,0,,Never Contacted,Dormant Inactive
CUST00447,54,Female,Business Owner,1258944.32,Divorced,Tertiary,Kochi,Tier2,Salary,178,801294.61,754,None,None,0.0,1,40.5,0,,Never Contacted,Business Growth
CUST00448,50,Male,Self-Employed,128294.03,Married,Primary,Hyderabad,Tier1,Savings,54,3866.65,650,None,None,0.0,0,0.0,0,,Never Contacted,Dormant Inactive
CUST00449,31,Male,Salaried,2070535.45,Married,Secondary,Bhopal,Tier3,Savings,3,290744.56,823,Home Loan,Closed,0.0,1,8.7,0,,Never Contacted,Priority Affluent
CUST00450,43,Female,Retired,120000.0,Married,Tertiary,Ahmedabad,Tier2,Salary,111,8776.86,717,None,None,0.0,0,0.0,0,,Never Contacted,Dormant Inactive
CUST00451,39,Male,Business Owner,6246378.42,Divorced,Tertiary,Nagpur,Tier2,Savings,182,319830.62,802,None,None,0.0,1,6.8,0,,Never Contacted,Priority Affluent
CUST00452,47,Male,Salaried,608244.51,Single,Secondary,Kochi,Tier2,Savings,3,10854.68,381,Education Loan,Active,12833.09,1,77.8,0,,Never Contacted,Credit Stressed
CUST00453,32,Female,Self-Employed,189950.26,Married,Tertiary,Lucknow,Tier2,Current,213,2629.54,621,Home Loan,Active,1295.32,0,0.0,0,,Never Contacted,Dormant Inactive
CUST00454,39,Other,Salaried,983098.64,Single,Secondary,Hyderabad,Tier1,Salary,105,37280.63,737,Home Loan,Active,9439.9,1,33.3,0,,Never Contacted,Mass Salaried Regular
CUST00455,30,Male,Professional,2508340.78,Married,Secondary,Bengaluru,Tier1,Savings,191,298971.92,900,Home Loan,Active,59829.52,1,7.2,0,,Never Contacted,Priority Affluent
CUST00456,41,Female,Salaried,462104.66,Married,Secondary,Bhopal,Tier3,Current,85,57695.68,728,None,None,0.0,0,0.0,0,,Never Contacted,Mass Salaried Regular
CUST00457,31,Male,Business Owner,1018241.87,Married,Tertiary,Indore,Tier2,Savings,63,195173.64,772,Personal Loan,Active,14999.31,1,47.6,0,,Never Contacted,Business Growth
CUST00458,32,Female,Salaried,157646.82,Single,Secondary,Ahmedabad,Tier2,Savings,239,11956.61,616,Home Loan,Active,3387.92,0,0.0,2,315.0,Failure,Young Digital
CUST00459,56,Female,Retired,223576.8,Divorced,Secondary,Ahmedabad,Tier2,Savings,192,179942.31,769,Personal Loan,Active,4974.39,0,0.0,0,,Never Contacted,Retiree Conservative
CUST00460,55,Other,Homemaker,174356.74,Married,Primary,Ranchi,Tier3,Savings,97,6824.51,640,Home Loan,Active,3179.84,0,0.0,0,,Never Contacted,Dormant Inactive
CUST00461,53,Female,Salaried,120000.0,Married,Primary,Patna,Tier3,Savings,166,3146.11,707,Home Loan,Active,1334.98,0,0.0,0,,Never Contacted,Dormant Inactive
CUST00462,29,Male,Salaried,648018.65,Single,Secondary,Kolkata,Tier1,Salary,77,86459.02,731,Home Loan,Active,7189.11,1,36.6,0,,Never Contacted,Mass Salaried Regular
CUST00463,36,Female,Business Owner,1564694.1,Married,Tertiary,Jaipur,Tier2,Savings,169,242438.26,675,Home Loan,Closed,0.0,1,43.4,2,330.0,Other,Business Growth
CUST00464,58,Female,Salaried,607915.08,Single,Secondary,Hyderabad,Tier1,Salary,108,246407.31,748,Home Loan,Closed,0.0,0,0.0,0,,Never Contacted,Mass Salaried Regular
CUST00465,32,Female,Salaried,194643.82,Single,Tertiary,Ranchi,Tier3,Salary,77,4518.89,565,Home Loan,Closed,0.0,0,0.0,0,,Never Contacted,Dormant Inactive
CUST00466,36,Female,Retired,240354.8,Single,Primary,Delhi,Tier1,Current,95,12840.77,583,Home Loan,Active,2066.75,0,0.0,0,,Never Contacted,Dormant Inactive
CUST00467,37,Female,Retired,121663.44,Married,Tertiary,Patna,Tier3,Savings,29,21901.75,708,None,None,0.0,0,0.0,6,176.0,Failure,Dormant Inactive
CUST00468,53,Other,Business Owner,1731286.51,Divorced,Tertiary,Mumbai,Tier1,Current,20,133526.65,690,None,None,0.0,0,0.0,0,,Never Contacted,Business Growth
CUST00469,41,Male,Salaried,543937.04,Married,Tertiary,Kochi,Tier2,Savings,189,48897.34,708,None,None,0.0,1,43.7,0,,Never Contacted,Mass Salaried Regular
CUST00470,29,Male,Salaried,272560.28,Single,Secondary,Nagpur,Tier2,Salary,9,11445.18,708,Home Loan,Active,7753.72,0,0.0,9,358.0,Failure,Young Digital
CUST00471,27,Male,Professional,727719.19,Single,Tertiary,Ahmedabad,Tier2,Savings,87,310793.13,723,Home Loan,Active,12845.94,1,29.3,0,,Never Contacted,Mass Salaried Regular
CUST00472,47,Female,Salaried,280195.71,Married,Secondary,Nagpur,Tier2,Savings,115,9355.54,649,None,None,0.0,0,0.0,0,,Never Contacted,Young Digital
CUST00473,31,Male,Professional,2011516.93,Single,Tertiary,Kolkata,Tier1,Current,34,298971.92,808,None,None,0.0,1,12.2,0,,Never Contacted,Priority Affluent
CUST00474,69,Female,Salaried,423106.53,Married,Secondary,Mumbai,Tier1,Senior Citizen,202,252394.36,755,None,None,0.0,1,23.2,0,,Never Contacted,Mass Salaried Regular
CUST00475,30,Female,Salaried,706219.59,Divorced,Secondary,Lucknow,Tier2,Savings,29,32366.24,716,Home Loan,Active,8271.2,1,32.5,0,,Never Contacted,Mass Salaried Regular
CUST00476,48,Male,Professional,678580.77,Single,Secondary,Chennai,Tier1,Savings,185,24172.02,733,Personal Loan,Active,12800.43,1,25.2,0,,Never Contacted,Mass Salaried Regular
CUST00477,23,Male,Student,473638.11,Single,Secondary,Chandigarh,Tier2,Student,158,26138.5,709,None,None,0.0,0,0.0,0,,Never Contacted,Young Digital
CUST00478,28,Male,Salaried,120000.0,Married,Secondary,Indore,Tier2,Savings,120,6782.68,584,Personal Loan,Active,3308.14,0,0.0,0,,Never Contacted,Dormant Inactive
CUST00479,54,Male,Salaried,170586.02,Married,Secondary,Indore,Tier2,Savings,115,4692.66,719,None,None,0.0,0,0.0,0,,Never Contacted,Dormant Inactive
CUST00480,32,Male,Salaried,626192.23,Single,Tertiary,Indore,Tier2,Current,89,36818.5,695,Home Loan,Active,7555.04,1,38.8,0,,Never Contacted,Mass Salaried Regular
CUST00481,50,Male,Salaried,808878.42,Divorced,Secondary,Lucknow,Tier2,Savings,116,73077.51,700,Home Loan,Defaulted,0.0,1,22.9,0,,Never Contacted,Mass Salaried Regular
CUST00482,38,Male,Salaried,619097.99,Married,Primary,Pune,Tier1,Savings,93,42168.39,723,Home Loan,Active,16780.19,1,31.7,0,,Never Contacted,Mass Salaried Regular
CUST00483,29,Male,Salaried,137966.6,Married,Secondary,Chennai,Tier1,Salary,228,3065.65,607,Home Loan,Active,2478.97,0,0.0,0,,Never Contacted,Dormant Inactive
CUST00484,36,Female,Salaried,490366.69,Divorced,Secondary,Pune,Tier1,Salary,107,76305.43,678,Home Loan,Closed,0.0,0,0.0,1,131.0,Failure,Mass Salaried Regular
CUST00485,38,Female,Salaried,3671221.77,Single,Unknown,Indore,Tier2,Savings,168,641398.55,900,Home Loan,Active,54431.82,1,19.8,2,185.0,Failure,Priority Affluent
CUST00486,41,Female,Salaried,656503.76,Married,Secondary,Indore,Tier2,Savings,92,58119.92,756,None,None,0.0,1,32.9,0,,Never Contacted,Mass Salaried Regular
CUST00487,19,Female,Salaried,173320.61,Single,Unknown,Chennai,Tier1,Current,156,25397.52,643,None,None,0.0,1,34.9,0,,Never Contacted,Young Digital
CUST00488,33,Female,Professional,333338.94,Married,Secondary,Mumbai,Tier1,Salary,72,56225.21,708,Home Loan,Closed,0.0,1,21.8,0,,Never Contacted,Mass Salaried Regular
CUST00489,49,Female,Self-Employed,281578.19,Married,Secondary,Bengaluru,Tier1,Savings,157,1609.82,579,Education Loan,Closed,0.0,1,12.8,0,,Never Contacted,Dormant Inactive
CUST00490,40,Male,Salaried,550647.71,Married,Secondary,Lucknow,Tier2,Current,78,11745.87,744,Home Loan,Closed,0.0,0,0.0,0,,Never Contacted,Young Digital
CUST00491,58,Female,Salaried,126016.59,Married,Primary,Chandigarh,Tier2,Savings,97,8711.68,562,None,None,0.0,0,0.0,0,,Never Contacted,Dormant Inactive
CUST00492,56,Other,Retired,184496.07,Married,Unknown,Patna,Tier3,Savings,188,6203.71,660,None,None,0.0,0,0.0,0,,Never Contacted,Dormant Inactive
CUST00493,55,Female,Salaried,390659.71,Single,Primary,Ahmedabad,Tier2,Salary,228,9285.73,600,Home Loan,Active,3540.43,1,9.0,0,,Never Contacted,Dormant Inactive
CUST00494,56,Female,Salaried,581803.92,Married,Primary,Bhopal,Tier3,Current,87,174216.35,715,None,None,0.0,0,0.0,0,,Never Contacted,Mass Salaried Regular
CUST00495,57,Male,Retired,496009.19,Married,Primary,Nagpur,Tier2,Salary,220,410244.76,744,None,None,0.0,1,6.4,0,,Never Contacted,Retiree Conservative
CUST00496,30,Male,Salaried,406580.93,Married,Secondary,Chennai,Tier1,Salary,183,49942.37,671,Home Loan,Active,6577.51,0,0.0,0,,Never Contacted,Young Digital
CUST00497,44,Male,Salaried,435570.12,Single,Tertiary,Kochi,Tier2,Current,186,21429.62,663,None,None,0.0,1,25.5,3,143.0,Failure,Young Digital
CUST00498,46,Female,Self-Employed,120000.0,Married,Tertiary,Pune,Tier1,Savings,240,24597.23,636,Education Loan,Active,2617.69,0,0.0,1,342.0,Failure,Dormant Inactive
CUST00499,43,Male,Salaried,419045.86,Divorced,Secondary,Mumbai,Tier1,Savings,72,70090.57,690,Home Loan,Closed,0.0,1,23.4,0,,Never Contacted,Mass Salaried Regular
CUST00500,36,Female,Salaried,162563.43,Single,Secondary,Ahmedabad,Tier2,Savings,82,14366.0,672,Home Loan,Closed,0.0,0,0.0,0,,Never Contacted,Young Digital
CUST00501,67,Male,Retired,541208.05,Married,Tertiary,Mumbai,Tier1,Senior Citizen,130,235973.54,754,None,None,0.0,1,8.9,0,,Never Contacted,Retiree Conservative
CUST00502,46,Male,Salaried,340770.38,Married,Secondary,Pune,Tier1,Savings,37,21519.31,348,Home Loan,Active,8584.55,1,77.3,0,,Never Contacted,Credit Stressed
CUST00503,32,Female,Self-Employed,3012372.95,Single,Tertiary,Chennai,Tier1,Savings,189,141762.12,751,None,None,0.0,0,0.0,0,,Never Contacted,Business Growth
CUST00504,36,Female,Student,329881.64,Married,Secondary,Patna,Tier3,Student,102,4440.74,697,Home Loan,Active,4781.2,0,0.0,0,,Never Contacted,Young Digital
CUST00505,24,Male,Salaried,293910.41,Married,Secondary,Jaipur,Tier2,Salary,153,20173.99,659,Home Loan,Defaulted,0.0,0,0.0,2,80.0,Success,Young Digital
CUST00506,61,Male,Homemaker,380980.91,Married,Secondary,Delhi,Tier1,Senior Citizen,211,158672.29,726,Home Loan,Closed,0.0,0,0.0,0,,Never Contacted,Retiree Conservative
CUST00507,40,Male,Salaried,342702.13,Married,Tertiary,Nagpur,Tier2,Savings,206,65546.29,702,None,None,0.0,1,22.7,0,,Never Contacted,Mass Salaried Regular
CUST00508,30,Female,Salaried,397553.59,Married,Tertiary,Chandigarh,Tier2,Savings,23,6529.75,554,None,None,0.0,1,69.3,1,80.0,Success,Credit Stressed
CUST00509,26,Male,Salaried,338313.11,Single,Unknown,Ranchi,Tier3,Salary,146,19165.59,669,None,None,0.0,0,0.0,0,,Never Contacted,Young Digital
CUST00510,40,Male,Business Owner,1764204.45,Married,Tertiary,Ranchi,Tier3,Savings,104,510551.5,892,None,None,0.0,1,10.7,0,,Never Contacted,Priority Affluent
CUST00511,33,Female,Business Owner,4067389.89,Married,Tertiary,Delhi,Tier1,Savings,62,822343.53,712,None,None,0.0,1,12.7,0,,Never Contacted,Priority Affluent
CUST00512,25,Male,Salaried,574111.37,Married,Secondary,Lucknow,Tier2,Savings,164,6015.2,416,Home Loan,Active,7202.19,0,0.0,0,,Never Contacted,Credit Stressed
CUST00513,39,Female,Professional,3492872.7,Married,Tertiary,Kolkata,Tier1,Savings,168,787926.2,776,Home Loan,Active,37767.53,1,8.2,0,,Never Contacted,Priority Affluent
CUST00514,45,Male,Salaried,644455.52,Married,Secondary,Lucknow,Tier2,Salary,128,37280.63,723,Education Loan,Active,14569.51,1,30.3,0,,Never Contacted,Mass Salaried Regular
CUST00515,30,Female,Salaried,557870.14,Single,Tertiary,Indore,Tier2,Current,36,89911.95,772,Education Loan,Active,8224.99,0,0.0,0,,Never Contacted,Mass Salaried Regular
CUST00516,36,Female,Salaried,853584.56,Married,Secondary,Chandigarh,Tier2,Salary,5,137227.05,669,Personal Loan,Defaulted,0.0,1,33.4,0,,Never Contacted,Mass Salaried Regular
CUST00517,46,Female,Salaried,487753.31,Married,Secondary,Mumbai,Tier1,Savings,206,66558.91,683,None,None,0.0,1,35.1,0,,Never Contacted,Mass Salaried Regular
CUST00518,80,Female,Retired,124993.18,Married,Primary,Kochi,Tier2,Senior Citizen,41,171425.33,757,None,None,0.0,0,0.0,0,,Never Contacted,Retiree Conservative
CUST00519,57,Male,Business Owner,2382824.57,Married,Secondary,Delhi,Tier1,Current,166,298971.92,824,None,None,0.0,1,15.1,0,,Never Contacted,Priority Affluent
CUST00520,59,Female,Salaried,394263.97,Single,Primary,Pune,Tier1,Savings,87,4886.15,344,Home Loan,Active,4929.89,1,69.4,0,,Never Contacted,Credit Stressed
CUST00521,26,Male,Salaried,445542.09,Married,Tertiary,Chennai,Tier1,Savings,37,7488.49,445,Personal Loan,Closed,0.0,0,0.0,0,,Never Contacted,Credit Stressed
CUST00522,47,Male,Professional,460742.56,Divorced,Secondary,Ahmedabad,Tier2,Salary,145,38836.45,701,Personal Loan,Closed,0.0,0,0.0,0,,Never Contacted,Mass Salaried Regular
CUST00523,29,Female,Professional,895274.49,Married,Primary,Bhopal,Tier3,Salary,126,27490.51,746,Home Loan,Active,15620.04,1,32.4,0,,Never Contacted,Mass Salaried Regular
CUST00524,32,Female,Homemaker,284208.55,Married,Secondary,Nagpur,Tier2,Salary,36,4377.63,682,Home Loan,Active,6223.13,0,0.0,10,172.0,Success,Dormant Inactive
CUST00525,59,Female,Professional,1358717.5,Married,Primary,Kolkata,Tier1,Current,158,468275.16,817,Home Loan,Closed,0.0,1,18.3,7,134.0,Failure,Priority Affluent
CUST00526,34,Female,Salaried,594749.72,Single,Secondary,Coimbatore,Tier2,Savings,110,192384.92,637,Home Loan,Active,10550.06,1,33.0,2,84.0,Failure,Mass Salaried Regular
CUST00527,46,Male,Self-Employed,435593.0,Married,Primary,Patna,Tier3,Savings,119,1369517.24,745,Home Loan,Closed,0.0,0,0.0,0,,Never Contacted,Business Growth
CUST00528,42,Female,Business Owner,968790.29,Married,Tertiary,Patna,Tier3,Salary,137,730240.27,735,Home Loan,Active,18318.97,0,0.0,2,272.0,Failure,Business Growth
CUST00529,79,Male,Retired,295828.07,Married,Primary,Jaipur,Tier2,Senior Citizen,100,384379.38,788,None,None,0.0,0,0.0,6,90.0,Success,Retiree Conservative
CUST00530,35,Other,Salaried,920188.49,Single,Tertiary,Nagpur,Tier2,Salary,3,89549.22,667,None,None,0.0,0,0.0,0,,Never Contacted,Mass Salaried Regular
CUST00531,40,Male,Retired,147470.17,Married,Tertiary,Patna,Tier3,Savings,226,2973.57,613,None,None,0.0,1,11.2,0,,Never Contacted,Dormant Inactive
CUST00532,39,Male,Self-Employed,120000.0,Married,Secondary,Kochi,Tier2,Salary,48,34541.3,523,Home Loan,Active,870.54,0,0.0,0,,Never Contacted,Dormant Inactive
CUST00533,30,Female,Salaried,662790.24,Single,Secondary,Chandigarh,Tier2,Salary,63,49765.62,714,None,None,0.0,0,0.0,0,,Never Contacted,Mass Salaried Regular
CUST00534,42,Female,Salaried,120000.0,Married,Unknown,Ranchi,Tier3,Savings,139,7177.51,623,Home Loan,Active,1932.31,0,0.0,10,119.0,Success,Dormant Inactive
CUST00535,52,Female,Professional,3096607.4,Married,Tertiary,Mumbai,Tier1,Savings,193,626611.74,844,None,None,0.0,1,9.9,0,,Never Contacted,Priority Affluent
CUST00536,41,Female,Salaried,603880.35,Married,Secondary,Patna,Tier3,Salary,62,100221.59,660,Home Loan,Active,11098.89,0,0.0,0,,Never Contacted,Mass Salaried Regular
CUST00537,20,Female,Self-Employed,524824.81,Single,Primary,Chandigarh,Tier2,Savings,52,64630.26,654,None,None,0.0,1,35.2,0,,Never Contacted,Young Digital
CUST00538,26,Male,Professional,706044.55,Married,Secondary,Indore,Tier2,Savings,166,63740.89,680,Home Loan,Closed,0.0,0,0.0,0,,Never Contacted,Mass Salaried Regular
CUST00539,47,Male,Salaried,523606.86,Married,Secondary,Ranchi,Tier3,Savings,182,79662.4,719,Home Loan,Closed,0.0,1,33.1,0,,Never Contacted,Mass Salaried Regular
CUST00540,43,Female,Self-Employed,656407.63,Married,Secondary,Bengaluru,Tier1,Savings,125,13239.74,423,Home Loan,Active,18863.18,1,75.7,0,,Never Contacted,Credit Stressed
CUST00541,31,Female,Business Owner,1711277.57,Married,Secondary,Bengaluru,Tier1,Current,234,108402.58,786,Education Loan,Active,27365.0,0,0.0,2,160.0,Failure,Business Growth
CUST00542,31,Male,Self-Employed,323173.29,Married,Tertiary,Kochi,Tier2,Savings,194,43739.88,669,Home Loan,Closed,0.0,0,0.0,0,,Never Contacted,Young Digital
CUST00543,36,Female,Salaried,447164.05,Married,Secondary,Chennai,Tier1,Savings,237,1804.64,470,None,None,0.0,1,85.2,0,,Never Contacted,Credit Stressed
CUST00544,33,Male,Business Owner,1368276.59,Married,Tertiary,Chennai,Tier1,Savings,125,285965.29,743,Home Loan,Active,34777.93,0,0.0,0,,Never Contacted,Business Growth
CUST00545,31,Male,Salaried,386999.66,Single,Secondary,Nagpur,Tier2,Savings,11,60456.26,725,None,None,0.0,0,0.0,0,,Never Contacted,Mass Salaried Regular
CUST00546,23,Male,Student,393725.65,Single,Tertiary,Patna,Tier3,Student,207,29052.22,665,None,None,0.0,0,0.0,0,,Never Contacted,Young Digital
CUST00547,50,Male,Salaried,418108.28,Married,Primary,Pune,Tier1,Savings,126,24698.31,676,Personal Loan,Active,7530.44,1,34.1,1,136.0,Failure,Mass Salaried Regular
CUST00548,51,Female,Business Owner,2291810.08,Divorced,Tertiary,Nagpur,Tier2,Current,191,988235.56,816,None,None,0.0,1,18.6,2,181.0,Success,Priority Affluent
CUST00549,58,Female,Retired,424637.16,Married,Secondary,Jaipur,Tier2,Savings,167,205356.94,738,None,None,0.0,0,0.0,0,,Never Contacted,Retiree Conservative
CUST00550,19,Male,Salaried,190116.77,Single,Unknown,Pune,Tier1,Savings,221,21416.99,682,None,None,0.0,0,0.0,0,,Never Contacted,Young Digital
CUST00551,38,Female,Salaried,502927.79,Single,Tertiary,Bhopal,Tier3,Salary,168,32280.52,639,None,None,0.0,0,0.0,0,,Never Contacted,Young Digital
CUST00552,42,Male,Salaried,684636.06,Married,Tertiary,Hyderabad,Tier1,Savings,199,371624.91,764,Home Loan,Active,13291.15,0,0.0,0,,Never Contacted,Mass Salaried Regular
CUST00553,43,Female,Salaried,631188.81,Married,Secondary,Nagpur,Tier2,Savings,34,23165.4,727,Home Loan,Closed,0.0,1,31.8,3,301.0,Failure,Mass Salaried Regular
CUST00554,37,Male,Self-Employed,754522.27,Single,Secondary,Bengaluru,Tier1,Savings,92,6958.95,634,Home Loan,Active,17880.68,1,69.2,0,,Never Contacted,Credit Stressed
CUST00555,60,Female,Professional,1612006.59,Married,Primary,Chandigarh,Tier2,Senior Citizen,102,319830.62,817,None,None,0.0,1,6.3,0,,Never Contacted,Priority Affluent
CUST00556,33,Male,Salaried,579556.07,Single,Secondary,Coimbatore,Tier2,Savings,88,96152.42,733,Home Loan,Active,10906.36,1,34.2,0,,Never Contacted,Mass Salaried Regular
CUST00557,34,Female,Professional,845675.34,Single,Secondary,Coimbatore,Tier2,Savings,72,68510.31,717,Personal Loan,Active,18686.12,1,32.1,3,262.0,Failure,Mass Salaried Regular
CUST00558,29,Male,Salaried,365867.18,Single,Secondary,Bhopal,Tier3,Salary,127,20696.71,632,None,None,0.0,0,0.0,1,94.0,Success,Young Digital
CUST00559,49,Female,Homemaker,209490.07,Married,Unknown,Kolkata,Tier1,Savings,109,3688.21,662,None,None,0.0,0,0.0,0,,Never Contacted,Dormant Inactive
CUST00560,38,Female,Salaried,321047.28,Married,Secondary,Kochi,Tier2,Savings,3,22687.92,671,None,None,0.0,1,29.1,0,,Never Contacted,Young Digital
CUST00561,36,Male,Salaried,3954052.22,Married,Tertiary,Ranchi,Tier3,Salary,131,509466.98,846,Home Loan,Closed,0.0,1,12.0,0,,Never Contacted,Priority Affluent
CUST00562,33,Female,Salaried,357600.75,Married,Secondary,Lucknow,Tier2,Salary,195,70977.49,730,Home Loan,Active,4248.6,0,0.0,0,,Never Contacted,Mass Salaried Regular
CUST00563,27,Female,Salaried,532205.02,Single,Secondary,Hyderabad,Tier1,Salary,189,5600.66,442,Home Loan,Closed,0.0,0,0.0,0,,Never Contacted,Credit Stressed
CUST00564,60,Female,Salaried,143578.81,Married,Unknown,Kochi,Tier2,Senior Citizen,216,5245.76,640,None,None,0.0,0,0.0,0,,Never Contacted,Dormant Inactive
CUST00565,43,Female,Salaried,173982.08,Divorced,Primary,Patna,Tier3,Salary,191,1886.91,705,None,None,0.0,0,0.0,0,,Never Contacted,Dormant Inactive
CUST00566,48,Female,Self-Employed,272132.92,Married,Secondary,Kolkata,Tier1,Savings,187,30847.24,585,Home Loan,Active,5256.73,0,0.0,0,,Never Contacted,Dormant Inactive
CUST00567,58,Female,Retired,600424.53,Single,Secondary,Jaipur,Tier2,Salary,149,302466.22,787,Personal Loan,Active,15269.8,0,0.0,4,274.0,Failure,Retiree Conservative
CUST00568,32,Male,Business Owner,1546108.41,Single,Secondary,Ahmedabad,Tier2,Salary,10,462967.45,780,Home Loan,Active,14182.12,0,0.0,1,149.0,Failure,Priority Affluent
CUST00569,40,Male,Salaried,914488.8,Single,Secondary,Hyderabad,Tier1,Savings,76,124990.03,713,Home Loan,Active,17435.62,0,0.0,0,,Never Contacted,Mass Salaried Regular
CUST00570,36,Female,Student,326224.81,Single,Secondary,Coimbatore,Tier2,Student,171,8216.78,649,None,None,0.0,0,0.0,0,,Never Contacted,Young Digital
CUST00571,38,Male,Salaried,1120470.66,Married,Primary,Ranchi,Tier3,Savings,209,76550.85,688,Home Loan,Closed,0.0,1,26.6,0,,Never Contacted,Mass Salaried Regular
CUST00572,30,Female,Salaried,421235.32,Married,Secondary,Indore,Tier2,Current,6,16258.16,446,Home Loan,Active,7873.03,1,84.5,0,,Never Contacted,Credit Stressed
CUST00573,65,Female,Salaried,554769.61,Married,Secondary,Chandigarh,Tier2,Senior Citizen,86,25989.45,699,None,None,0.0,0,0.0,0,,Never Contacted,Young Digital
CUST00574,59,Male,Retired,234420.99,Married,Secondary,Bhopal,Tier3,Savings,129,124490.09,727,None,None,0.0,0,0.0,6,100.0,Other,Retiree Conservative
CUST00575,45,Male,Salaried,539048.46,Married,Primary,Kolkata,Tier1,Current,38,6858.13,326,Personal Loan,Active,10520.49,1,69.2,1,343.0,Failure,Credit Stressed
CUST00576,26,Male,Salaried,332764.4,Single,Secondary,Indore,Tier2,Salary,62,5201.13,695,None,None,0.0,0,0.0,2,82.0,Failure,Young Digital
CUST00577,31,Male,Salaried,413230.79,Single,Secondary,Chandigarh,Tier2,Savings,3,5236.39,446,Home Loan,Active,11955.98,1,69.2,0,,Never Contacted,Credit Stressed
CUST00578,59,Female,Salaried,291771.02,Married,Secondary,Jaipur,Tier2,Salary,100,4492.83,583,None,None,0.0,0,0.0,0,,Never Contacted,Dormant Inactive
CUST00579,37,Male,Salaried,456798.72,Married,Primary,Coimbatore,Tier2,Salary,83,5948.78,370,Personal Loan,Active,7741.1,1,67.4,0,,Never Contacted,Credit Stressed
CUST00580,24,Male,Salaried,451686.69,Single,Secondary,Mumbai,Tier1,Salary,187,86764.73,763,Home Loan,Active,9192.57,0,0.0,0,,Never Contacted,Mass Salaried Regular
CUST00581,37,Male,Student,320520.29,Single,Tertiary,Nagpur,Tier2,Student,62,99491.39,694,None,None,0.0,1,29.0,0,,Never Contacted,Young Digital
CUST00582,28,Male,Salaried,268946.2,Single,Secondary,Ahmedabad,Tier2,Savings,67,16433.76,720,Home Loan,Active,4334.7,1,36.2,0,,Never Contacted,Young Digital
CUST00583,34,Female,Salaried,1292666.91,Married,Secondary,Indore,Tier2,Savings,7,949871.32,812,Home Loan,Active,31962.74,1,6.0,6,321.0,Failure,Priority Affluent
CUST00584,39,Male,Salaried,482395.92,Divorced,Secondary,Delhi,Tier1,Savings,54,92999.04,795,Home Loan,Closed,0.0,1,31.6,0,,Never Contacted,Mass Salaried Regular
CUST00585,60,Male,Self-Employed,452058.65,Single,Tertiary,Bhopal,Tier3,Senior Citizen,137,6777.54,528,None,None,0.0,0,0.0,0,,Never Contacted,Credit Stressed
CUST00586,29,Male,Retired,208590.99,Single,Secondary,Chennai,Tier1,Savings,199,6807.45,660,None,None,0.0,0,0.0,0,,Never Contacted,Dormant Inactive
CUST00587,32,Male,Salaried,516410.86,Single,Primary,Bengaluru,Tier1,Savings,160,131863.94,747,Home Loan,Defaulted,0.0,0,0.0,0,,Never Contacted,Mass Salaried Regular
CUST00588,43,Female,Salaried,385229.05,Divorced,Secondary,Jaipur,Tier2,Savings,181,44761.98,680,Home Loan,Closed,0.0,0,0.0,0,,Never Contacted,Mass Salaried Regular
CUST00589,47,Male,Professional,959179.4,Married,Secondary,Bengaluru,Tier1,Savings,61,50301.78,656,Personal Loan,Active,13482.51,0,0.0,1,145.0,Failure,Mass Salaried Regular
CUST00590,30,Male,Professional,798373.05,Single,Tertiary,Coimbatore,Tier2,Savings,135,758796.0,794,None,None,0.0,1,11.0,0,,Never Contacted,Priority Affluent
CUST00591,39,Male,Self-Employed,1160496.35,Married,Tertiary,Kolkata,Tier1,Salary,219,146917.06,706,Home Loan,Active,32870.93,0,0.0,0,,Never Contacted,Business Growth
CUST00592,32,Female,Student,308118.93,Single,Secondary,Nagpur,Tier2,Student,216,71741.7,650,Home Loan,Active,7169.09,0,0.0,3,194.0,Failure,Young Digital
CUST00593,42,Female,Salaried,367489.83,Divorced,Secondary,Nagpur,Tier2,Current,229,136718.54,696,Home Loan,Active,5675.56,1,33.0,0,,Never Contacted,Mass Salaried Regular
CUST00594,59,Male,Homemaker,137366.49,Married,Primary,Hyderabad,Tier1,Salary,187,20914.96,736,None,None,0.0,0,0.0,0,,Never Contacted,Dormant Inactive
CUST00595,51,Male,Business Owner,1941587.73,Married,Tertiary,Ahmedabad,Tier2,Salary,132,1664387.34,880,Personal Loan,Active,21981.75,1,16.9,0,,Never Contacted,Priority Affluent
CUST00596,36,Male,Salaried,667745.55,Single,Secondary,Jaipur,Tier2,Salary,156,85455.6,711,None,None,0.0,1,25.4,0,,Never Contacted,Mass Salaried Regular
CUST00597,27,Female,Homemaker,120000.0,Single,Tertiary,Bengaluru,Tier1,Savings,6,10782.27,582,None,None,0.0,1,14.9,0,,Never Contacted,Dormant Inactive
CUST00598,37,Male,Salaried,123794.11,Married,Primary,Ranchi,Tier3,Savings,77,5783.3,641,None,None,0.0,0,0.0,0,,Never Contacted,Dormant Inactive
CUST00599,35,Male,Self-Employed,522807.93,Married,Tertiary,Bhopal,Tier3,Savings,107,65061.02,740,Home Loan,Active,8256.61,1,41.0,0,,Never Contacted,Business Growth
CUST00600,53,Female,Salaried,368822.95,Divorced,Primary,Delhi,Tier1,Savings,83,11544.35,720,Home Loan,Defaulted,0.0,0,0.0,0,,Never Contacted,Dormant Inactive
CUST00601,38,Male,Salaried,392747.08,Married,Tertiary,Lucknow,Tier2,Salary,231,42790.43,640,Education Loan,Closed,0.0,1,34.2,0,,Never Contacted,Young Digital
CUST00602,55,Male,Retired,359956.75,Married,Secondary,Pune,Tier1,Savings,108,296048.09,765,Home Loan,Defaulted,0.0,0,0.0,0,,Never Contacted,Retiree Conservative
CUST00603,40,Female,Salaried,166692.43,Married,Primary,Indore,Tier2,Savings,235,1588.16,617,Home Loan,Active,2493.95,1,75.7,0,,Never Contacted,Credit Stressed
CUST00604,59,Male,Retired,485209.47,Married,Primary,Bhopal,Tier3,Savings,14,286235.53,779,Home Loan,Active,10059.19,0,0.0,0,,Never Contacted,Retiree Conservative
CUST00605,46,Female,Business Owner,426756.6,Married,Tertiary,Chandigarh,Tier2,Savings,218,846163.85,749,None,None,0.0,0,0.0,0,,Never Contacted,Business Growth
CUST00606,66,Male,Retired,344133.9,Married,Primary,Mumbai,Tier1,Senior Citizen,103,203136.25,818,None,None,0.0,0,0.0,0,,Never Contacted,Retiree Conservative
CUST00607,45,Male,Salaried,427811.49,Divorced,Primary,Jaipur,Tier2,Salary,8,3475.27,556,None,None,0.0,1,70.5,0,,Never Contacted,Credit Stressed
CUST00608,51,Female,Professional,2566156.69,Married,Tertiary,Delhi,Tier1,Salary,95,1085426.51,805,Personal Loan,Defaulted,0.0,0,0.0,3,166.0,Other,Priority Affluent
CUST00609,89,Female,Retired,191250.09,Divorced,Primary,Nagpur,Tier2,Senior Citizen,223,281125.72,716,None,None,0.0,0,0.0,1,189.0,Other,Retiree Conservative
CUST00610,27,Male,Salaried,321794.09,Single,Secondary,Bhopal,Tier3,Current,211,14364.57,680,Home Loan,Active,3153.95,1,46.0,0,,Never Contacted,Young Digital
CUST00611,52,Male,Salaried,195928.21,Married,Secondary,Ranchi,Tier3,Salary,124,38961.49,698,Personal Loan,Closed,0.0,0,0.0,0,,Never Contacted,Young Digital
CUST00612,38,Female,Self-Employed,250565.21,Single,Primary,Mumbai,Tier1,Savings,44,9963.85,746,Home Loan,Active,3692.37,0,0.0,0,,Never Contacted,Dormant Inactive
CUST00613,30,Male,Business Owner,956388.32,Single,Tertiary,Pune,Tier1,Current,47,311752.1,739,Home Loan,Closed,0.0,0,0.0,0,,Never Contacted,Business Growth
CUST00614,32,Male,Business Owner,389979.88,Divorced,Tertiary,Pune,Tier1,Savings,212,361460.64,709,Home Loan,Active,9794.73,1,36.2,5,185.0,Other,Business Growth
CUST00615,31,Male,Salaried,445932.78,Single,Secondary,Coimbatore,Tier2,Salary,91,33271.39,709,Home Loan,Active,10163.31,0,0.0,1,352.0,Failure,Mass Salaried Regular
CUST00616,49,Male,Retired,285315.92,Divorced,Secondary,Hyderabad,Tier1,Salary,195,181074.06,833,Personal Loan,Active,4948.37,0,0.0,0,,Never Contacted,Retiree Conservative
CUST00617,58,Female,Retired,248987.82,Married,Primary,Bengaluru,Tier1,Current,59,308862.68,714,None,None,0.0,0,0.0,0,,Never Contacted,Retiree Conservative
CUST00618,32,Female,Salaried,501119.86,Married,Secondary,Kolkata,Tier1,Savings,11,56461.22,734,None,None,0.0,1,23.8,0,,Never Contacted,Mass Salaried Regular
CUST00619,32,Female,Salaried,381657.89,Married,Secondary,Ahmedabad,Tier2,Savings,237,106072.88,749,Home Loan,Active,5702.39,1,23.9,1,133.0,Failure,Mass Salaried Regular
CUST00620,51,Male,Salaried,1856822.45,Divorced,Secondary,Patna,Tier3,Savings,12,435597.26,873,Home Loan,Active,36539.68,1,20.5,0,,Never Contacted,Priority Affluent
CUST00621,60,Female,Retired,288082.48,Married,Secondary,Kolkata,Tier1,Senior Citizen,39,483528.59,714,None,None,0.0,0,0.0,0,,Never Contacted,Retiree Conservative
CUST00622,40,Male,Salaried,174156.05,Single,Secondary,Chandigarh,Tier2,Salary,97,30293.2,624,Home Loan,Active,3543.93,0,0.0,0,,Never Contacted,Young Digital
CUST00623,45,Male,Business Owner,330242.37,Married,Secondary,Chandigarh,Tier2,Savings,63,69475.57,750,None,None,0.0,1,31.8,0,,Never Contacted,Business Growth
CUST00624,25,Female,Student,153780.37,Married,Tertiary,Patna,Tier3,Student,100,15214.25,611,Home Loan,Closed,0.0,1,27.1,0,,Never Contacted,Young Digital
CUST00625,48,Female,Business Owner,437714.23,Divorced,Tertiary,Bengaluru,Tier1,Savings,235,73496.47,709,Home Loan,Active,11050.75,0,0.0,9,61.0,Failure,Business Growth
CUST00626,30,Male,Salaried,624157.51,Single,Unknown,Chandigarh,Tier2,Salary,191,227908.63,784,None,None,0.0,1,25.7,0,,Never Contacted,Mass Salaried Regular
CUST00627,58,Male,Retired,488841.17,Married,Primary,Mumbai,Tier1,Savings,228,231110.45,822,Home Loan,Closed,0.0,0,0.0,0,,Never Contacted,Retiree Conservative
CUST00628,29,Female,Professional,1739928.89,Single,Tertiary,Chennai,Tier1,Salary,51,627022.78,818,Personal Loan,Active,50153.77,1,9.5,0,,Never Contacted,Priority Affluent
CUST00629,32,Female,Self-Employed,282724.32,Single,Secondary,Kolkata,Tier1,Salary,16,15351.91,686,Home Loan,Active,2171.12,0,0.0,2,268.0,Other,Young Digital
CUST00630,57,Female,Homemaker,165387.65,Married,Primary,Hyderabad,Tier1,Savings,13,195084.74,678,None,None,0.0,0,0.0,0,,Never Contacted,Retiree Conservative
CUST00631,49,Male,Business Owner,894892.52,Single,Secondary,Ahmedabad,Tier2,Salary,21,1071755.04,731,None,None,0.0,1,40.2,2,104.0,Success,Business Growth
CUST00632,44,Female,Salaried,615671.89,Married,Primary,Kolkata,Tier1,Salary,135,3135.9,350,Home Loan,Active,7246.58,1,72.7,0,,Never Contacted,Credit Stressed
CUST00633,38,Female,Salaried,1184437.02,Divorced,Tertiary,Pune,Tier1,Savings,105,846216.14,845,None,None,0.0,1,12.5,1,342.0,Failure,Priority Affluent
CUST00634,39,Male,Salaried,621079.31,Divorced,Secondary,Mumbai,Tier1,Salary,101,24621.4,730,Personal Loan,Active,8501.14,1,26.6,0,,Never Contacted,Mass Salaried Regular
CUST00635,33,Female,Professional,2022550.77,Married,Secondary,Ahmedabad,Tier2,Salary,103,368470.58,787,Personal Loan,Active,44704.73,1,5.8,0,,Never Contacted,Priority Affluent
CUST00636,37,Female,Business Owner,2020669.43,Married,Tertiary,Mumbai,Tier1,Salary,184,496610.1,840,None,None,0.0,1,13.6,0,,Never Contacted,Priority Affluent
CUST00637,26,Other,Salaried,251328.96,Single,Primary,Bengaluru,Tier1,Savings,81,6770.61,631,Personal Loan,Closed,0.0,0,0.0,0,,Never Contacted,Dormant Inactive
CUST00638,49,Female,Salaried,223425.18,Married,Primary,Bhopal,Tier3,Current,100,19306.99,631,Home Loan,Active,5216.34,0,0.0,0,,Never Contacted,Dormant Inactive
CUST00639,66,Female,Retired,361712.96,Married,Primary,Ranchi,Tier3,Senior Citizen,161,240128.01,744,None,None,0.0,0,0.0,1,93.0,Failure,Retiree Conservative
CUST00640,50,Male,Salaried,355448.56,Married,Primary,Pune,Tier1,Savings,169,5678.3,591,None,None,0.0,0,0.0,0,,Never Contacted,Credit Stressed
CUST00641,69,Male,Retired,266129.83,Divorced,Secondary,Coimbatore,Tier2,Senior Citizen,104,452897.21,749,None,None,0.0,0,0.0,1,56.0,Other,Retiree Conservative
CUST00642,60,Female,Retired,235301.5,Married,Secondary,Lucknow,Tier2,Senior Citizen,34,257295.16,793,None,None,0.0,0,0.0,1,792.0,Failure,Retiree Conservative
CUST00643,30,Male,Professional,1822618.72,Married,Secondary,Chennai,Tier1,Salary,134,959883.36,832,Home Loan,Active,35241.78,0,0.0,0,,Never Contacted,Priority Affluent
CUST00644,29,Female,Salaried,563683.74,Single,Tertiary,Bengaluru,Tier1,Savings,131,106204.6,643,Home Loan,Closed,0.0,1,34.2,0,,Never Contacted,Mass Salaried Regular
CUST00645,52,Female,Self-Employed,155821.9,Married,Secondary,Pune,Tier1,Savings,211,1932.67,642,None,None,0.0,0,0.0,0,,Never Contacted,Dormant Inactive
CUST00646,37,Female,Salaried,241755.04,Married,Tertiary,Coimbatore,Tier2,Savings,161,8730.11,524,Home Loan,Active,6915.29,1,80.2,0,,Never Contacted,Credit Stressed
CUST00647,53,Female,Professional,2119780.08,Married,Tertiary,Ranchi,Tier3,Savings,61,662408.29,793,Home Loan,Closed,0.0,1,18.8,2,368.0,Failure,Priority Affluent
CUST00648,30,Male,Self-Employed,521715.32,Single,Secondary,Ahmedabad,Tier2,Current,51,10010.52,658,None,None,0.0,0,0.0,0,,Never Contacted,Young Digital
CUST00649,60,Male,Retired,120000.0,Married,Primary,Delhi,Tier1,Senior Citizen,18,2687.2,667,None,None,0.0,0,0.0,0,,Never Contacted,Dormant Inactive
CUST00650,29,Female,Business Owner,2127152.23,Single,Tertiary,Hyderabad,Tier1,Salary,74,519867.45,826,Home Loan,Active,38637.92,1,8.4,1,356.0,Failure,Priority Affluent
CUST00651,39,Female,Professional,675045.01,Single,Secondary,Hyderabad,Tier1,Savings,119,49388.05,740,None,None,0.0,0,0.0,0,,Never Contacted,Mass Salaried Regular
CUST00652,46,Female,Salaried,190058.88,Married,Secondary,Jaipur,Tier2,Savings,126,18318.59,416,None,None,0.0,1,79.4,4,192.0,Other,Credit Stressed
CUST00653,47,Male,Salaried,178765.63,Married,Unknown,Hyderabad,Tier1,Current,154,5663.49,626,None,None,0.0,1,13.0,0,,Never Contacted,Dormant Inactive
CUST00654,48,Female,Salaried,483097.07,Married,Secondary,Mumbai,Tier1,Salary,158,78655.55,727,Home Loan,Active,4795.42,0,0.0,0,,Never Contacted,Mass Salaried Regular
CUST00655,54,Female,Salaried,683226.07,Married,Secondary,Ranchi,Tier3,Salary,54,5177.36,562,Home Loan,Active,12672.3,0,0.0,0,,Never Contacted,Credit Stressed
CUST00656,58,Male,Professional,1081048.77,Married,Primary,Hyderabad,Tier1,Savings,153,210781.77,676,Home Loan,Active,24893.26,1,27.7,0,,Never Contacted,Mass Salaried Regular
CUST00657,25,Female,Salaried,216290.89,Single,Secondary,Coimbatore,Tier2,Salary,236,12678.23,390,None,None,0.0,1,69.6,0,,Never Contacted,Credit Stressed
CUST00658,33,Female,Professional,498747.51,Married,Secondary,Bhopal,Tier3,Salary,179,17108.0,764,Home Loan,Active,13977.49,0,0.0,0,,Never Contacted,Mass Salaried Regular
CUST00659,59,Male,Salaried,179047.02,Married,Unknown,Hyderabad,Tier1,Current,155,7354.1,703,None,None,0.0,0,0.0,1,182.0,Other,Dormant Inactive
CUST00660,34,Female,Salaried,1095080.79,Married,Secondary,Patna,Tier3,Savings,208,63786.12,714,None,None,0.0,1,25.9,0,,Never Contacted,Mass Salaried Regular
CUST00661,38,Male,Salaried,470928.19,Married,Secondary,Indore,Tier2,Savings,224,36818.5,721,Personal Loan,Closed,0.0,1,22.7,5,296.0,Other,Mass Salaried Regular
CUST00662,31,Female,Salaried,356819.56,Single,Tertiary,Ranchi,Tier3,Savings,39,863.29,564,Home Loan,Active,5638.58,1,71.4,0,,Never Contacted,Credit Stressed
CUST00663,49,Female,Salaried,506280.51,Married,Secondary,Bhopal,Tier3,Savings,13,27757.38,661,Auto Loan,Active,7735.7,1,29.9,0,,Never Contacted,Mass Salaried Regular
CUST00664,29,Male,Salaried,2323355.04,Married,Tertiary,Hyderabad,Tier1,Salary,31,430432.93,844,None,None,0.0,1,11.4,0,,Never Contacted,Priority Affluent
CUST00665,45,Male,Salaried,1032898.49,Single,Secondary,Delhi,Tier1,Salary,2,28005.02,680,Home Loan,Active,20965.68,0,0.0,0,,Never Contacted,Mass Salaried Regular
CUST00666,37,Female,Self-Employed,195572.51,Married,Unknown,Indore,Tier2,Salary,72,13465.07,665,None,None,0.0,0,0.0,0,,Never Contacted,Dormant Inactive
CUST00667,55,Female,Retired,307230.77,Married,Secondary,Chennai,Tier1,Savings,31,296048.09,746,Personal Loan,Closed,0.0,0,0.0,0,,Never Contacted,Retiree Conservative
CUST00668,56,Female,Business Owner,1354644.13,Married,Unknown,Kolkata,Tier1,Savings,230,821715.92,746,None,None,0.0,1,30.8,0,,Never Contacted,Business Growth
CUST00669,42,Male,Salaried,540489.44,Divorced,Secondary,Delhi,Tier1,Current,128,45387.7,696,Home Loan,Active,8150.59,0,0.0,0,,Never Contacted,Mass Salaried Regular
CUST00670,37,Female,Salaried,459095.88,Married,Tertiary,Ahmedabad,Tier2,Current,29,55108.04,734,None,None,0.0,1,26.8,0,,Never Contacted,Mass Salaried Regular
CUST00671,37,Male,Professional,353690.94,Married,Secondary,Chandigarh,Tier2,Savings,57,19394.78,706,Home Loan,Active,7198.09,1,25.3,0,,Never Contacted,Mass Salaried Regular
CUST00672,26,Female,Salaried,289633.99,Single,Secondary,Chennai,Tier1,Savings,209,4800.09,678,None,None,0.0,0,0.0,0,,Never Contacted,Dormant Inactive
CUST00673,33,Male,Self-Employed,1598630.15,Divorced,Tertiary,Pune,Tier1,Savings,42,362648.48,727,Home Loan,Closed,0.0,0,0.0,9,259.0,Failure,Business Growth
CUST00674,35,Male,Salaried,301974.86,Married,Tertiary,Jaipur,Tier2,Savings,12,6709.75,727,None,None,0.0,0,0.0,0,,Never Contacted,Dormant Inactive
CUST00675,48,Female,Retired,120000.0,Married,Secondary,Ahmedabad,Tier2,Savings,3,4622.86,689,None,None,0.0,0,0.0,0,,Never Contacted,Dormant Inactive
CUST00676,33,Female,Salaried,445353.59,Married,Secondary,Coimbatore,Tier2,Savings,133,46008.05,716,Home Loan,Active,5515.07,0,0.0,0,,Never Contacted,Mass Salaried Regular
CUST00677,56,Male,Salaried,785403.76,Married,Secondary,Patna,Tier3,Savings,159,9015.75,460,Home Loan,Active,14082.49,1,70.4,0,,Never Contacted,Credit Stressed
CUST00678,48,Female,Salaried,405217.51,Single,Unknown,Patna,Tier3,Savings,197,26682.97,614,None,None,0.0,0,0.0,0,,Never Contacted,Young Digital
CUST00679,27,Male,Salaried,589220.65,Single,Secondary,Indore,Tier2,Savings,30,108356.01,738,Home Loan,Closed,0.0,0,0.0,0,,Never Contacted,Mass Salaried Regular
CUST00680,48,Female,Salaried,565864.74,Single,Unknown,Nagpur,Tier2,Salary,121,50128.89,698,Home Loan,Closed,0.0,0,0.0,0,,Never Contacted,Mass Salaried Regular
CUST00681,39,Female,Salaried,1019920.82,Married,Tertiary,Pune,Tier1,Savings,49,629948.82,900,None,None,0.0,1,17.5,0,,Never Contacted,Priority Affluent
CUST00682,39,Male,Salaried,297318.88,Married,Secondary,Jaipur,Tier2,Savings,74,47410.97,648,Home Loan,Closed,0.0,1,30.2,0,,Never Contacted,Mass Salaried Regular
CUST00683,40,Male,Professional,4749168.92,Single,Tertiary,Jaipur,Tier2,Current,123,631854.59,877,None,None,0.0,1,12.8,0,,Never Contacted,Priority Affluent
CUST00684,30,Male,Student,271832.45,Divorced,Secondary,Hyderabad,Tier1,Student,138,18329.9,679,None,None,0.0,1,26.0,0,,Never Contacted,Young Digital
CUST00685,32,Female,Homemaker,183642.06,Married,Secondary,Chennai,Tier1,Savings,179,5934.12,586,Home Loan,Active,3085.61,1,4.4,0,,Never Contacted,Dormant Inactive
CUST00686,32,Female,Salaried,801510.14,Married,Secondary,Indore,Tier2,Savings,23,47620.11,721,Home Loan,Active,18138.26,0,0.0,0,,Never Contacted,Mass Salaried Regular
CUST00687,30,Male,Salaried,396050.03,Single,Tertiary,Pune,Tier1,Current,237,18450.92,623,Home Loan,Closed,0.0,0,0.0,0,,Never Contacted,Young Digital
CUST00688,39,Male,Business Owner,1069817.41,Married,Tertiary,Chandigarh,Tier2,Savings,89,485559.7,767,Home Loan,Active,11112.17,1,39.2,0,,Never Contacted,Business Growth
CUST00689,89,Male,Retired,198483.09,Married,Tertiary,Hyderabad,Tier1,Senior Citizen,68,221866.93,711,None,None,0.0,0,0.0,0,,Never Contacted,Retiree Conservative
CUST00690,33,Female,Salaried,316235.35,Single,Tertiary,Bengaluru,Tier1,Salary,117,42928.36,690,Home Loan,Active,4134.32,1,17.3,0,,Never Contacted,Young Digital
CUST00691,37,Female,Salaried,538336.66,Married,Primary,Bhopal,Tier3,Salary,217,118473.93,653,Home Loan,Closed,0.0,0,0.0,10,349.0,Failure,Mass Salaried Regular
CUST00692,46,Male,Salaried,305908.85,Married,Primary,Pune,Tier1,Savings,150,12036.29,324,None,None,0.0,1,76.6,0,,Never Contacted,Credit Stressed
CUST00693,30,Female,Salaried,518537.63,Divorced,Secondary,Chandigarh,Tier2,Salary,4,38836.45,671,Personal Loan,Closed,0.0,1,25.3,0,,Never Contacted,Mass Salaried Regular
CUST00694,40,Male,Salaried,554509.41,Married,Secondary,Chandigarh,Tier2,Savings,126,92773.18,707,None,None,0.0,0,0.0,2,267.0,Other,Mass Salaried Regular
CUST00695,44,Female,Self-Employed,265846.8,Married,Secondary,Pune,Tier1,Savings,124,1962.1,487,Home Loan,Closed,0.0,1,84.4,0,,Never Contacted,Credit Stressed
CUST00696,42,Female,Self-Employed,306334.42,Single,Unknown,Bengaluru,Tier1,Savings,208,16248.95,663,Home Loan,Active,8762.22,0,0.0,0,,Never Contacted,Young Digital
CUST00697,69,Female,Retired,249999.2,Married,Unknown,Delhi,Tier1,Senior Citizen,69,207766.67,791,None,None,0.0,0,0.0,2,185.0,Success,Retiree Conservative
CUST00698,41,Male,Self-Employed,144463.97,Single,Secondary,Ahmedabad,Tier2,Salary,3,4505.92,673,None,None,0.0,0,0.0,0,,Never Contacted,Dormant Inactive
CUST00699,52,Male,Salaried,145436.96,Married,Unknown,Pune,Tier1,Savings,40,6932.3,680,None,None,0.0,0,0.0,0,,Never Contacted,Dormant Inactive
CUST00700,60,Male,Salaried,787533.56,Married,Secondary,Hyderabad,Tier1,Senior Citizen,134,92911.56,726,Home Loan,Active,11667.98,1,33.7,0,,Never Contacted,Mass Salaried Regular
CUST00701,35,Male,Salaried,383892.02,Single,Tertiary,Ahmedabad,Tier2,Savings,101,207771.39,723,Home Loan,Active,5497.27,1,37.2,3,90.0,Failure,Mass Salaried Regular
CUST00702,42,Female,Salaried,315450.89,Married,Secondary,Lucknow,Tier2,Salary,130,94400.52,706,Home Loan,Closed,0.0,0,0.0,0,,Never Contacted,Mass Salaried Regular
CUST00703,53,Male,Professional,659432.21,Single,Tertiary,Ranchi,Tier3,Current,46,41131.6,671,None,None,0.0,1,30.0,0,,Never Contacted,Mass Salaried Regular
CUST00704,44,Male,Salaried,132055.63,Single,Secondary,Ranchi,Tier3,Savings,84,17147.27,510,Home Loan,Active,1786.05,1,72.4,0,,Never Contacted,Credit Stressed
CUST00705,47,Female,Salaried,776845.86,Married,Secondary,Kolkata,Tier1,Salary,102,129880.25,750,Home Loan,Active,9690.45,1,28.6,0,,Never Contacted,Mass Salaried Regular
CUST00706,28,Female,Salaried,434436.88,Single,Secondary,Coimbatore,Tier2,Current,103,7125.75,669,Personal Loan,Active,9810.79,0,0.0,0,,Never Contacted,Young Digital
CUST00707,61,Female,Retired,522843.34,Married,Unknown,Ahmedabad,Tier2,Senior Citizen,16,179346.09,762,None,None,0.0,0,0.0,4,94.0,Success,Retiree Conservative
CUST00708,72,Male,Retired,406237.49,Married,Secondary,Kochi,Tier2,Senior Citizen,124,256293.79,755,Personal Loan,Active,2738.93,0,0.0,1,339.0,Failure,Retiree Conservative
CUST00709,49,Female,Salaried,274498.2,Married,Secondary,Hyderabad,Tier1,Savings,151,8216.78,635,Personal Loan,Defaulted,0.0,0,0.0,0,,Never Contacted,Young Digital
CUST00710,35,Male,Self-Employed,295528.53,Married,Secondary,Kolkata,Tier1,Salary,99,30607.64,697,Home Loan,Defaulted,0.0,1,17.5,1,271.0,Failure,Young Digital
CUST00711,53,Male,Business Owner,640284.7,Divorced,Tertiary,Kolkata,Tier1,Savings,205,292073.07,710,Home Loan,Active,14989.45,1,45.2,0,,Never Contacted,Business Growth
CUST00712,50,Male,Salaried,180687.38,Married,Unknown,Hyderabad,Tier1,Savings,214,4960.63,649,None,None,0.0,0,0.0,6,683.0,Failure,Dormant Inactive
CUST00713,64,Male,Retired,334456.06,Married,Tertiary,Pune,Tier1,Senior Citizen,66,247690.26,693,None,None,0.0,0,0.0,3,181.0,Failure,Retiree Conservative
CUST00714,30,Female,Salaried,425605.77,Married,Secondary,Lucknow,Tier2,Savings,51,16046.36,470,Home Loan,Active,7515.61,1,81.7,0,,Never Contacted,Credit Stressed
CUST00715,74,Female,Retired,160279.63,Married,Primary,Bhopal,Tier3,Senior Citizen,54,653437.1,809,Education Loan,Active,2406.18,0,0.0,0,,Never Contacted,Retiree Conservative
CUST00716,56,Female,Salaried,783721.76,Married,Secondary,Bhopal,Tier3,Salary,128,43646.3,696,None,None,0.0,0,0.0,0,,Never Contacted,Mass Salaried Regular
CUST00717,31,Male,Self-Employed,316370.21,Married,Secondary,Ranchi,Tier3,Salary,113,23031.56,678,None,None,0.0,0,0.0,0,,Never Contacted,Young Digital
CUST00718,42,Female,Professional,3175037.22,Single,Primary,Jaipur,Tier2,Current,182,610919.94,840,Personal Loan,Active,71848.24,1,8.9,0,,Never Contacted,Priority Affluent
CUST00719,70,Male,Homemaker,396436.48,Divorced,Primary,Kochi,Tier2,Senior Citizen,154,8873.6,645,None,None,0.0,0,0.0,0,,Never Contacted,Dormant Inactive
CUST00720,47,Female,Business Owner,1292095.93,Married,Tertiary,Nagpur,Tier2,Savings,110,119575.65,764,Home Loan,Active,32366.26,0,0.0,0,,Never Contacted,Business Growth
CUST00721,37,Female,Salaried,355079.86,Married,Secondary,Chandigarh,Tier2,Current,206,3195.25,682,Home Loan,Active,7533.73,0,0.0,0,,Never Contacted,Young Digital
CUST00722,45,Female,Student,206560.76,Married,Tertiary,Ahmedabad,Tier2,Student,226,20063.45,658,None,None,0.0,1,21.5,0,,Never Contacted,Young Digital
CUST00723,59,Female,Salaried,1547362.6,Married,Tertiary,Bengaluru,Tier1,Savings,161,1457396.95,817,None,None,0.0,1,7.1,0,,Never Contacted,Priority Affluent
CUST00724,53,Female,Business Owner,585098.26,Single,Unknown,Bengaluru,Tier1,Savings,198,381377.18,728,None,None,0.0,1,41.3,0,,Never Contacted,Business Growth
CUST00725,49,Other,Business Owner,3494000.61,Married,Tertiary,Pune,Tier1,Savings,168,569581.9,891,Home Loan,Active,44901.31,1,14.4,2,188.0,Failure,Priority Affluent
CUST00726,42,Male,Business Owner,2211355.0,Married,Secondary,Lucknow,Tier2,Salary,170,329115.1,831,Home Loan,Active,27224.27,1,10.5,0,,Never Contacted,Priority Affluent
CUST00727,39,Female,Salaried,555582.15,Married,Secondary,Coimbatore,Tier2,Savings,118,51049.08,723,Home Loan,Active,14906.23,0,0.0,0,,Never Contacted,Mass Salaried Regular
CUST00728,53,Female,Salaried,2077285.83,Married,Secondary,Kochi,Tier2,Savings,65,319830.62,736,Home Loan,Active,25683.93,1,15.2,0,,Never Contacted,Priority Affluent
CUST00729,29,Female,Student,659838.84,Single,Tertiary,Indore,Tier2,Student,170,13293.98,637,None,None,0.0,0,0.0,0,,Never Contacted,Young Digital
CUST00730,27,Male,Salaried,366687.76,Single,Secondary,Coimbatore,Tier2,Savings,100,11643.61,678,None,None,0.0,0,0.0,0,,Never Contacted,Young Digital
CUST00731,29,Female,Salaried,1008747.18,Married,Secondary,Delhi,Tier1,Salary,151,63953.47,707,Personal Loan,Active,27063.64,1,23.9,1,214.0,Failure,Mass Salaried Regular
CUST00732,27,Male,Professional,2821344.04,Single,Tertiary,Delhi,Tier1,Savings,41,446579.81,815,None,None,0.0,0,0.0,1,196.0,Success,Priority Affluent
CUST00733,35,Male,Professional,2951999.26,Married,Tertiary,Jaipur,Tier2,Salary,71,290744.56,802,None,None,0.0,1,13.1,0,,Never Contacted,Priority Affluent
CUST00734,44,Male,Salaried,380137.98,Married,Secondary,Patna,Tier3,Salary,108,28159.49,717,Home Loan,Closed,0.0,1,26.8,7,113.0,Success,Mass Salaried Regular
CUST00735,47,Female,Business Owner,1560062.91,Married,Secondary,Patna,Tier3,Savings,158,319830.62,845,None,None,0.0,1,14.0,0,,Never Contacted,Priority Affluent
CUST00736,45,Male,Retired,440673.64,Married,Primary,Jaipur,Tier2,Salary,154,1087.55,615,Home Loan,Active,10948.46,0,0.0,0,,Never Contacted,Dormant Inactive
CUST00737,29,Male,Salaried,432877.13,Single,Secondary,Hyderabad,Tier1,Salary,114,23662.06,641,Home Loan,Closed,0.0,0,0.0,0,,Never Contacted,Mass Salaried Regular
CUST00738,29,Male,Salaried,400719.98,Married,Secondary,Ranchi,Tier3,Salary,225,38836.45,675,None,None,0.0,0,0.0,0,,Never Contacted,Mass Salaried Regular
CUST00739,32,Male,Salaried,334477.29,Single,Secondary,Chennai,Tier1,Salary,163,86867.25,786,Home Loan,Active,9060.69,0,0.0,0,,Never Contacted,Mass Salaried Regular
CUST00740,28,Male,Salaried,1049960.37,Married,Secondary,Hyderabad,Tier1,Savings,206,63557.9,693,Personal Loan,Defaulted,0.0,0,0.0,0,,Never Contacted,Mass Salaried Regular
CUST00741,39,Female,Professional,1598717.83,Married,Secondary,Bhopal,Tier3,Current,132,319830.62,805,Home Loan,Closed,0.0,0,0.0,0,,Never Contacted,Priority Affluent
CUST00742,54,Female,Professional,1144560.73,Married,Tertiary,Hyderabad,Tier1,Salary,64,831171.22,810,None,None,0.0,1,17.1,0,,Never Contacted,Priority Affluent
CUST00743,33,Male,Self-Employed,351313.74,Married,Secondary,Lucknow,Tier2,Savings,239,19641.82,603,Personal Loan,Active,3763.51,1,70.5,0,,Never Contacted,Credit Stressed
CUST00744,57,Male,Professional,3468507.31,Married,Tertiary,Coimbatore,Tier2,Savings,162,233577.35,799,Home Loan,Closed,0.0,1,7.6,0,,Never Contacted,Priority Affluent
CUST00745,29,Female,Salaried,402840.81,Single,Secondary,Mumbai,Tier1,Salary,17,32128.14,638,None,None,0.0,0,0.0,5,149.0,Success,Young Digital
CUST00746,19,Female,Salaried,241600.28,Single,Primary,Hyderabad,Tier1,Savings,35,19364.68,667,None,None,0.0,0,0.0,2,180.0,Success,Young Digital
CUST00747,53,Female,Salaried,602315.1,Married,Secondary,Jaipur,Tier2,Current,120,30980.74,724,None,None,0.0,0,0.0,0,,Never Contacted,Mass Salaried Regular
CUST00748,32,Male,Salaried,260213.68,Single,Secondary,Indore,Tier2,Salary,9,14209.72,709,None,None,0.0,0,0.0,0,,Never Contacted,Young Digital
CUST00749,60,Female,Retired,211295.44,Married,Secondary,Patna,Tier3,Senior Citizen,231,287832.02,768,Personal Loan,Active,3126.19,0,0.0,0,,Never Contacted,Retiree Conservative
CUST00750,55,Female,Self-Employed,327875.19,Divorced,Secondary,Coimbatore,Tier2,Salary,7,13781.53,446,None,None,0.0,0,0.0,0,,Never Contacted,Credit Stressed
CUST00751,51,Male,Salaried,696332.99,Divorced,Secondary,Ranchi,Tier3,Current,164,75747.43,750,Home Loan,Closed,0.0,1,25.4,0,,Never Contacted,Mass Salaried Regular
CUST00752,42,Female,Salaried,779268.79,Married,Primary,Coimbatore,Tier2,Salary,60,85830.44,758,Home Loan,Active,10495.29,1,39.3,0,,Never Contacted,Mass Salaried Regular
CUST00753,32,Male,Salaried,566469.47,Single,Tertiary,Kochi,Tier2,Savings,150,71625.68,752,Home Loan,Closed,0.0,0,0.0,2,131.0,Failure,Mass Salaried Regular
CUST00754,25,Male,Self-Employed,283682.94,Single,Tertiary,Hyderabad,Tier1,Salary,196,19788.72,653,Home Loan,Active,3060.7,1,23.3,0,,Never Contacted,Young Digital
CUST00755,36,Female,Homemaker,125195.64,Married,Secondary,Mumbai,Tier1,Savings,70,1008.39,622,Home Loan,Active,2483.28,0,0.0,0,,Never Contacted,Dormant Inactive
CUST00756,32,Male,Salaried,508909.7,Divorced,Secondary,Mumbai,Tier1,Savings,175,31617.94,677,Home Loan,Active,5489.85,1,32.8,0,,Never Contacted,Mass Salaried Regular
CUST00757,36,Female,Salaried,708102.09,Married,Secondary,Bengaluru,Tier1,Savings,76,84364.12,764,None,None,0.0,0,0.0,0,,Never Contacted,Mass Salaried Regular
CUST00758,32,Female,Business Owner,1618185.28,Single,Tertiary,Bengaluru,Tier1,Savings,59,1218717.3,757,Home Loan,Active,12780.21,0,0.0,2,149.0,Failure,Business Growth
CUST00759,49,Male,Business Owner,2421090.28,Single,Tertiary,Kolkata,Tier1,Savings,174,298971.92,821,None,None,0.0,1,17.2,0,,Never Contacted,Priority Affluent
CUST00760,39,Male,Salaried,180209.22,Divorced,Secondary,Delhi,Tier1,Salary,13,19037.69,706,None,None,0.0,0,0.0,0,,Never Contacted,Young Digital
CUST00761,77,Female,Salaried,322247.13,Married,Unknown,Nagpur,Tier2,Senior Citizen,120,4444.75,642,None,None,0.0,0,0.0,3,185.0,Success,Dormant Inactive
CUST00762,38,Female,Salaried,1613894.13,Single,Primary,Delhi,Tier1,Savings,126,177714.71,690,Home Loan,Active,19544.05,0,0.0,17,327.0,Failure,Mass Salaried Regular
CUST00763,33,Female,Salaried,2493440.6,Married,Tertiary,Hyderabad,Tier1,Savings,183,364244.6,836,Personal Loan,Active,43384.68,1,15.5,0,,Never Contacted,Priority Affluent
CUST00764,41,Female,Salaried,600654.22,Married,Secondary,Indore,Tier2,Salary,29,27354.37,746,Personal Loan,Active,14854.07,1,22.7,0,,Never Contacted,Mass Salaried Regular
CUST00765,43,Female,Self-Employed,362254.77,Married,Secondary,Chennai,Tier1,Savings,34,8309.11,495,None,None,0.0,1,73.4,0,,Never Contacted,Credit Stressed
CUST00766,40,Female,Professional,1138209.48,Married,Secondary,Patna,Tier3,Savings,103,968487.12,802,None,None,0.0,1,14.4,0,,Never Contacted,Priority Affluent
CUST00767,36,Female,Professional,432334.94,Married,Secondary,Nagpur,Tier2,Current,44,38836.45,747,Home Loan,Active,4706.44,0,0.0,0,,Never Contacted,Mass Salaried Regular
CUST00768,33,Male,Business Owner,1731493.71,Married,Secondary,Lucknow,Tier2,Current,97,474507.42,846,Home Loan,Closed,0.0,0,0.0,2,345.0,Failure,Priority Affluent
CUST00769,31,Male,Business Owner,3685120.05,Married,Secondary,Coimbatore,Tier2,Savings,218,385092.43,794,Personal Loan,Active,37089.79,1,8.0,0,,Never Contacted,Priority Affluent
CUST00770,33,Female,Salaried,120000.0,Single,Secondary,Ahmedabad,Tier2,Savings,204,7262.72,638,Home Loan,Active,3254.43,0,0.0,1,322.0,Failure,Dormant Inactive
CUST00771,28,Female,Salaried,678226.6,Married,Primary,Pune,Tier1,Current,29,44174.54,654,Home Loan,Closed,0.0,0,0.0,0,,Never Contacted,Mass Salaried Regular
CUST00772,49,Male,Self-Employed,305718.14,Married,Secondary,Kolkata,Tier1,Savings,138,13630.43,663,Personal Loan,Active,8467.0,0,0.0,1,204.0,Failure,Young Digital
CUST00773,51,Female,Salaried,274049.53,Married,Secondary,Kolkata,Tier1,Savings,30,1609.82,648,None,None,0.0,0,0.0,0,,Never Contacted,Dormant Inactive
CUST00774,30,Female,Salaried,246961.82,Single,Secondary,Bhopal,Tier3,Current,97,7868.02,329,Home Loan,Active,5750.72,1,83.3,0,,Never Contacted,Credit Stressed
CUST00775,29,Male,Business Owner,1256595.49,Married,Tertiary,Kolkata,Tier1,Savings,97,578959.65,786,Personal Loan,Active,15623.4,0,0.0,2,8.0,Other,Priority Affluent
CUST00776,43,Female,Salaried,360954.86,Married,Primary,Ahmedabad,Tier2,Savings,13,2024.45,472,Home Loan,Active,5799.76,1,89.4,0,,Never Contacted,Credit Stressed
CUST00777,59,Male,Homemaker,539546.18,Divorced,Primary,Hyderabad,Tier1,Salary,47,1886.91,676,Personal Loan,Active,12199.6,0,0.0,0,,Never Contacted,Dormant Inactive
CUST00778,30,Female,Professional,391018.13,Married,Secondary,Nagpur,Tier2,Current,212,74210.78,707,Home Loan,Active,2985.82,0,0.0,0,,Never Contacted,Mass Salaried Regular
CUST00779,58,Female,Retired,498862.01,Married,Secondary,Patna,Tier3,Savings,104,163357.07,741,Home Loan,Active,13063.24,1,4.2,0,,Never Contacted,Retiree Conservative
CUST00780,29,Male,Salaried,519439.97,Single,Secondary,Hyderabad,Tier1,Savings,157,6437.15,488,None,None,0.0,0,0.0,0,,Never Contacted,Credit Stressed
CUST00781,42,Male,Professional,197353.62,Single,Secondary,Jaipur,Tier2,Savings,76,32163.24,654,None,None,0.0,1,35.9,0,,Never Contacted,Mass Salaried Regular
CUST00782,35,Female,Salaried,745970.77,Single,Primary,Delhi,Tier1,Savings,41,4061.51,386,Education Loan,Active,7045.04,1,82.0,0,,Never Contacted,Credit Stressed
CUST00783,20,Male,Salaried,267330.31,Single,Secondary,Nagpur,Tier2,Salary,128,12576.14,653,None,None,0.0,0,0.0,5,95.0,Success,Young Digital
CUST00784,50,Female,Homemaker,206166.99,Married,Primary,Patna,Tier3,Salary,34,4188.19,631,Home Loan,Active,4661.29,0,0.0,0,,Never Contacted,Dormant Inactive
CUST00785,56,Female,Business Owner,705992.48,Married,Unknown,Coimbatore,Tier2,Salary,204,821715.92,748,Education Loan,Active,18440.61,1,42.5,0,,Never Contacted,Business Growth
CUST00786,51,Male,Salaried,556542.21,Divorced,Secondary,Hyderabad,Tier1,Current,143,24358.59,704,Home Loan,Active,5783.61,1,21.6,0,,Never Contacted,Mass Salaried Regular
CUST00787,57,Female,Retired,150529.63,Married,Unknown,Bengaluru,Tier1,Savings,61,95592.39,757,None,None,0.0,1,3.4,0,,Never Contacted,Retiree Conservative
CUST00788,40,Male,Salaried,335245.62,Married,Primary,Nagpur,Tier2,Savings,35,60698.05,742,Home Loan,Active,7647.72,0,0.0,0,,Never Contacted,Mass Salaried Regular
CUST00789,61,Other,Retired,501408.34,Married,Secondary,Delhi,Tier1,Senior Citizen,131,158672.29,798,Home Loan,Active,11884.45,0,0.0,0,,Never Contacted,Retiree Conservative
CUST00790,36,Male,Homemaker,181603.67,Single,Unknown,Kochi,Tier2,Salary,37,6247.7,741,None,None,0.0,0,0.0,0,,Never Contacted,Dormant Inactive
CUST00791,33,Female,Salaried,316402.12,Married,Tertiary,Jaipur,Tier2,Savings,192,82928.51,732,Home Loan,Active,5580.81,1,35.4,0,,Never Contacted,Mass Salaried Regular
CUST00792,44,Female,Salaried,460667.78,Divorced,Secondary,Bengaluru,Tier1,Savings,78,203674.79,728,None,None,0.0,1,26.7,0,,Never Contacted,Mass Salaried Regular
CUST00793,31,Male,Salaried,545413.04,Single,Secondary,Hyderabad,Tier1,Savings,167,82385.5,742,Personal Loan,Defaulted,0.0,0,0.0,0,,Never Contacted,Mass Salaried Regular
CUST00794,44,Female,Business Owner,3115766.72,Single,Tertiary,Bhopal,Tier3,Savings,40,298971.92,797,Personal Loan,Active,82193.32,1,13.9,0,,Never Contacted,Priority Affluent
CUST00795,42,Female,Salaried,2416412.92,Married,Primary,Ranchi,Tier3,Savings,211,163874.26,835,Home Loan,Active,25668.4,1,16.1,2,343.0,Failure,Priority Affluent
CUST00796,55,Male,Salaried,1560385.46,Divorced,Primary,Pune,Tier1,Savings,46,162240.19,728,Home Loan,Active,39542.02,0,0.0,2,259.0,Failure,Mass Salaried Regular
CUST00797,44,Male,Business Owner,4386827.42,Married,Primary,Ranchi,Tier3,Savings,29,881617.99,900,Home Loan,Active,50720.99,1,14.5,0,,Never Contacted,Priority Affluent
CUST00798,29,Male,Salaried,828487.26,Single,Secondary,Nagpur,Tier2,Savings,141,31751.72,702,Home Loan,Active,14145.19,1,27.2,0,,Never Contacted,Mass Salaried Regular
CUST00799,56,Male,Retired,298420.08,Married,Primary,Bengaluru,Tier1,Salary,74,222116.69,791,Home Loan,Closed,0.0,0,0.0,0,,Never Contacted,Retiree Conservative
CUST00800,37,Male,Salaried,129471.53,Single,Tertiary,Kolkata,Tier1,Savings,231,9724.44,662,None,None,0.0,0,0.0,0,,Never Contacted,Dormant Inactive
CUST00801,46,Male,Retired,266305.68,Divorced,Tertiary,Chandigarh,Tier2,Savings,189,104166.12,777,None,None,0.0,1,11.0,0,,Never Contacted,Retiree Conservative
CUST00802,31,Female,Salaried,333530.82,Single,Secondary,Bhopal,Tier3,Savings,90,85455.6,728,Home Loan,Active,3463.51,1,41.2,1,275.0,Other,Mass Salaried Regular
CUST00803,31,Male,Salaried,615167.21,Married,Secondary,Chennai,Tier1,Current,24,6125.86,331,Home Loan,Active,15388.03,0,0.0,0,,Never Contacted,Credit Stressed
CUST00804,41,Female,Salaried,125795.48,Married,Secondary,Delhi,Tier1,Current,70,3108.91,637,Home Loan,Active,3347.85,1,10.7,0,,Never Contacted,Dormant Inactive
CUST00805,28,Male,Salaried,673709.1,Single,Secondary,Pune,Tier1,Savings,14,112239.6,704,Auto Loan,Active,4880.22,0,0.0,0,,Never Contacted,Mass Salaried Regular
CUST00806,27,Female,Salaried,187399.18,Single,Tertiary,Chandigarh,Tier2,Savings,231,77566.54,677,Personal Loan,Active,1473.86,0,0.0,0,,Never Contacted,Mass Salaried Regular
CUST00807,42,Male,Retired,160394.43,Divorced,Secondary,Chandigarh,Tier2,Savings,70,6336.47,592,None,None,0.0,0,0.0,3,169.0,Failure,Dormant Inactive
CUST00808,36,Male,Salaried,675344.85,Single,Primary,Pune,Tier1,Salary,6,48123.26,705,Home Loan,Closed,0.0,0,0.0,0,,Never Contacted,Mass Salaried Regular
CUST00809,42,Female,Salaried,483933.49,Single,Secondary,Nagpur,Tier2,Salary,125,11212.27,601,Home Loan,Active,4359.62,1,33.1,0,,Never Contacted,Young Digital
CUST00810,27,Female,Business Owner,864019.76,Single,Tertiary,Nagpur,Tier2,Savings,125,853873.55,685,None,None,0.0,1,34.0,0,,Never Contacted,Business Growth
CUST00811,31,Male,Salaried,1839626.4,Married,Secondary,Indore,Tier2,Savings,85,290744.56,844,Home Loan,Active,29017.82,1,6.5,0,,Never Contacted,Priority Affluent
CUST00812,50,Female,Business Owner,2676534.72,Married,Tertiary,Lucknow,Tier2,Savings,139,561412.76,761,Auto Loan,Active,27729.83,1,16.7,0,,Never Contacted,Priority Affluent
CUST00813,33,Female,Business Owner,2679738.09,Married,Tertiary,Pune,Tier1,Savings,62,920829.39,736,Home Loan,Closed,0.0,1,33.7,2,183.0,Failure,Business Growth
CUST00814,47,Female,Retired,145741.42,Married,Unknown,Indore,Tier2,Savings,104,8562.06,637,None,None,0.0,0,0.0,0,,Never Contacted,Dormant Inactive
CUST00815,42,Female,Salaried,214328.28,Married,Secondary,Ahmedabad,Tier2,Savings,47,60698.11,702,Home Loan,Active,3040.3,1,34.2,0,,Never Contacted,Mass Salaried Regular
CUST00816,21,Female,Self-Employed,351890.48,Single,Secondary,Pune,Tier1,Savings,237,5927.6,360,None,None,0.0,1,76.5,0,,Never Contacted,Credit Stressed
CUST00817,49,Female,Salaried,571485.74,Married,Primary,Jaipur,Tier2,Savings,217,26293.72,328,Auto Loan,Active,12018.79,1,73.8,0,,Never Contacted,Credit Stressed
CUST00818,29,Female,Salaried,272508.47,Single,Tertiary,Patna,Tier3,Savings,81,11379.93,717,Home Loan,Closed,0.0,1,18.7,0,,Never Contacted,Young Digital
CUST00819,26,Male,Retired,208662.69,Single,Tertiary,Coimbatore,Tier2,Savings,163,6918.38,638,None,None,0.0,0,0.0,0,,Never Contacted,Dormant Inactive
CUST00820,33,Female,Professional,789346.79,Single,Tertiary,Pune,Tier1,Savings,175,75380.38,643,Home Loan,Active,8484.81,0,0.0,0,,Never Contacted,Mass Salaried Regular
CUST00821,39,Female,Business Owner,1180534.32,Married,Tertiary,Nagpur,Tier2,Current,127,441806.38,868,Home Loan,Active,16758.51,1,13.7,0,,Never Contacted,Priority Affluent
CUST00822,40,Female,Retired,217806.98,Single,Primary,Kochi,Tier2,Savings,169,2606.86,703,None,None,0.0,0,0.0,0,,Never Contacted,Dormant Inactive
CUST00823,28,Male,Salaried,782459.97,Single,Secondary,Pune,Tier1,Savings,72,68190.3,660,Home Loan,Active,13170.89,0,0.0,0,,Never Contacted,Mass Salaried Regular
CUST00824,59,Female,Salaried,437652.95,Divorced,Secondary,Pune,Tier1,Current,65,10746.46,607,None,None,0.0,0,0.0,0,,Never Contacted,Dormant Inactive
CUST00825,25,Female,Self-Employed,528636.84,Single,Secondary,Patna,Tier3,Salary,128,5497.03,486,Home Loan,Closed,0.0,1,72.6,0,,Never Contacted,Credit Stressed
CUST00826,56,Female,Business Owner,4085062.68,Divorced,Tertiary,Patna,Tier3,Savings,14,1140590.88,858,Personal Loan,Closed,0.0,1,5.4,0,,Never Contacted,Priority Affluent
CUST00827,36,Male,Salaried,403018.2,Married,Primary,Nagpur,Tier2,Current,13,1609.82,604,None,None,0.0,0,0.0,0,,Never Contacted,Dormant Inactive
CUST00828,45,Male,Salaried,365633.39,Married,Secondary,Patna,Tier3,Salary,219,110220.82,648,Personal Loan,Active,7203.7,1,38.7,0,,Never Contacted,Mass Salaried Regular
CUST00829,28,Male,Self-Employed,576338.44,Married,Secondary,Mumbai,Tier1,Current,207,6347.65,489,Home Loan,Active,12544.26,0,0.0,0,,Never Contacted,Credit Stressed
CUST00830,39,Female,Salaried,615897.91,Married,Secondary,Patna,Tier3,Savings,114,100676.88,698,Personal Loan,Active,12284.05,0,0.0,0,,Never Contacted,Mass Salaried Regular
CUST00831,52,Male,Homemaker,189301.62,Married,Unknown,Ahmedabad,Tier2,Savings,82,6932.3,668,Education Loan,Active,5302.39,1,14.7,0,,Never Contacted,Dormant Inactive
CUST00832,41,Male,Student,350524.44,Married,Secondary,Chandigarh,Tier2,Student,109,8216.78,659,Home Loan,Active,3724.49,0,0.0,0,,Never Contacted,Young Digital
CUST00833,40,Male,Salaried,455762.11,Married,Secondary,Jaipur,Tier2,Salary,213,62545.58,696,Home Loan,Active,9951.79,0,0.0,0,,Never Contacted,Mass Salaried Regular
CUST00834,37,Male,Retired,495088.82,Married,Secondary,Lucknow,Tier2,Salary,232,3116.17,715,None,None,0.0,0,0.0,0,,Never Contacted,Dormant Inactive
CUST00835,58,Male,Retired,383151.42,Single,Secondary,Kolkata,Tier1,Savings,58,190217.54,754,Personal Loan,Active,5017.69,0,0.0,0,,Never Contacted,Retiree Conservative
CUST00836,30,Male,Salaried,232338.35,Single,Secondary,Kolkata,Tier1,Current,22,13267.54,652,None,None,0.0,0,0.0,0,,Never Contacted,Young Digital
CUST00837,54,Female,Retired,386767.37,Divorced,Tertiary,Coimbatore,Tier2,Current,220,198476.25,779,Home Loan,Active,6774.46,0,0.0,0,,Never Contacted,Retiree Conservative
CUST00838,49,Male,Business Owner,694937.47,Married,Primary,Hyderabad,Tier1,Salary,61,1016030.35,690,Home Loan,Active,8119.99,1,31.7,0,,Never Contacted,Business Growth
CUST00839,57,Male,Salaried,367536.32,Married,Secondary,Bhopal,Tier3,Savings,42,71493.81,673,None,None,0.0,1,34.2,0,,Never Contacted,Mass Salaried Regular
CUST00840,49,Female,Student,386307.29,Divorced,Secondary,Ahmedabad,Tier2,Student,143,16734.98,621,Personal Loan,Active,11073.25,1,25.5,0,,Never Contacted,Young Digital
CUST00841,36,Male,Salaried,2273012.21,Married,Secondary,Pune,Tier1,Savings,83,564828.2,775,Home Loan,Active,36801.24,1,13.4,0,,Never Contacted,Priority Affluent
CUST00842,60,Female,Retired,445521.02,Married,Secondary,Ahmedabad,Tier2,Senior Citizen,83,158987.43,760,Home Loan,Defaulted,0.0,0,0.0,0,,Never Contacted,Retiree Conservative
CUST00843,32,Other,Salaried,120000.0,Single,Tertiary,Indore,Tier2,Current,230,20093.95,660,None,None,0.0,1,22.9,0,,Never Contacted,Young Digital
CUST00844,37,Male,Salaried,579942.97,Married,Secondary,Coimbatore,Tier2,Current,42,49323.16,681,None,None,0.0,1,41.4,0,,Never Contacted,Mass Salaried Regular
CUST00845,58,Female,Business Owner,3161581.17,Married,Unknown,Ahmedabad,Tier2,Savings,82,776753.1,819,Home Loan,Closed,0.0,1,10.3,0,,Never Contacted,Priority Affluent
CUST00846,42,Male,Salaried,317216.65,Married,Secondary,Kolkata,Tier1,Savings,210,2155.42,610,Home Loan,Closed,0.0,1,72.4,0,,Never Contacted,Credit Stressed
CUST00847,28,Male,Professional,495323.61,Single,Tertiary,Jaipur,Tier2,Savings,144,57687.21,679,None,None,0.0,1,23.3,1,414.0,Failure,Mass Salaried Regular
CUST00848,41,Female,Salaried,205993.07,Divorced,Primary,Kolkata,Tier1,Salary,133,2811.76,617,Home Loan,Closed,0.0,0,0.0,4,126.0,Other,Dormant Inactive
CUST00849,48,Male,Professional,382662.17,Divorced,Secondary,Pune,Tier1,Savings,127,69608.75,704,Personal Loan,Closed,0.0,1,38.1,0,,Never Contacted,Mass Salaried Regular
CUST00850,46,Other,Self-Employed,2310088.19,Married,Secondary,Mumbai,Tier1,Savings,237,119575.65,787,Home Loan,Active,16508.42,0,0.0,0,,Never Contacted,Business Growth
CUST00851,32,Male,Salaried,365884.32,Married,Secondary,Ranchi,Tier3,Current,123,56887.32,719,Home Loan,Active,5060.29,0,0.0,0,,Never Contacted,Mass Salaried Regular
CUST00852,31,Female,Salaried,758852.1,Single,Tertiary,Pune,Tier1,Salary,17,44856.95,697,None,None,0.0,0,0.0,0,,Never Contacted,Mass Salaried Regular
CUST00853,53,Female,Self-Employed,366517.17,Married,Primary,Pune,Tier1,Savings,122,3910.85,411,None,None,0.0,1,69.1,0,,Never Contacted,Credit Stressed
CUST00854,38,Female,Self-Employed,332822.17,Single,Secondary,Bengaluru,Tier1,Savings,79,8198.5,321,Home Loan,Active,7078.95,0,0.0,0,,Never Contacted,Credit Stressed
CUST00855,32,Male,Salaried,709166.62,Married,Secondary,Ranchi,Tier3,Salary,239,39797.18,714,Home Loan,Active,19119.76,0,0.0,0,,Never Contacted,Mass Salaried Regular
CUST00856,22,Female,Student,322593.32,Single,Unknown,Bengaluru,Tier1,Student,151,34505.56,614,None,None,0.0,0,0.0,0,,Never Contacted,Young Digital
CUST00857,41,Male,Retired,317404.44,Single,Secondary,Hyderabad,Tier1,Savings,158,306764.93,814,Home Loan,Active,3159.43,0,0.0,4,343.0,Failure,Retiree Conservative
CUST00858,30,Female,Salaried,246215.92,Single,Secondary,Coimbatore,Tier2,Savings,69,2528.4,486,None,None,0.0,1,66.0,0,,Never Contacted,Credit Stressed
CUST00859,30,Male,Salaried,488920.95,Married,Tertiary,Indore,Tier2,Salary,71,57763.96,749,Home Loan,Defaulted,0.0,0,0.0,0,,Never Contacted,Mass Salaried Regular
CUST00860,28,Male,Self-Employed,330612.26,Single,Tertiary,Chandigarh,Tier2,Savings,117,13762.06,639,None,None,0.0,0,0.0,0,,Never Contacted,Young Digital
CUST00861,56,Female,Retired,309383.71,Married,Secondary,Indore,Tier2,Current,184,188794.11,709,None,None,0.0,0,0.0,0,,Never Contacted,Retiree Conservative
CUST00862,40,Female,Retired,267688.5,Single,Secondary,Ahmedabad,Tier2,Savings,108,306764.93,780,Home Loan,Active,6035.54,1,11.9,0,,Never Contacted,Retiree Conservative
CUST00863,75,Female,Retired,443767.96,Married,Secondary,Kochi,Tier2,Senior Citizen,173,419625.48,835,None,None,0.0,0,0.0,2,181.0,Success,Retiree Conservative
CUST00864,29,Female,Student,247215.85,Single,Unknown,Delhi,Tier1,Student,70,38915.99,693,None,None,0.0,0,0.0,0,,Never Contacted,Young Digital
CUST00865,26,Male,Salaried,3578123.88,Married,Secondary,Delhi,Tier1,Current,195,493563.59,900,Personal Loan,Active,37857.49,1,6.5,0,,Never Contacted,Priority Affluent
CUST00866,40,Male,Salaried,416148.93,Divorced,Secondary,Kolkata,Tier1,Savings,153,4615.77,397,Personal Loan,Closed,0.0,1,69.4,0,,Never Contacted,Credit Stressed
CUST00867,57,Male,Self-Employed,338081.66,Married,Primary,Hyderabad,Tier1,Current,223,23278.41,405,Education Loan,Active,4864.75,0,0.0,0,,Never Contacted,Credit Stressed
CUST00868,59,Female,Retired,385707.55,Married,Unknown,Indore,Tier2,Savings,122,227659.57,761,None,None,0.0,0,0.0,0,,Never Contacted,Retiree Conservative
CUST00869,36,Female,Salaried,1517664.33,Married,Tertiary,Lucknow,Tier2,Salary,193,779738.72,817,Home Loan,Active,43232.73,1,9.6,0,,Never Contacted,Priority Affluent
CUST00870,46,Female,Salaried,607862.95,Married,Secondary,Coimbatore,Tier2,Savings,126,43698.54,715,None,None,0.0,1,27.8,0,,Never Contacted,Mass Salaried Regular
CUST00871,56,Female,Retired,159012.28,Divorced,Secondary,Chandigarh,Tier2,Savings,113,69067.1,814,Home Loan,Active,2874.91,1,7.2,0,,Never Contacted,Retiree Conservative
CUST00872,39,Female,Business Owner,1812435.5,Married,Tertiary,Pune,Tier1,Savings,227,298971.92,820,Home Loan,Active,50850.64,0,0.0,0,,Never Contacted,Priority Affluent
CUST00873,30,Male,Business Owner,763242.94,Married,Tertiary,Bengaluru,Tier1,Savings,185,403990.11,768,None,None,0.0,1,41.5,0,,Never Contacted,Business Growth
CUST00874,48,Male,Salaried,530321.87,Married,Unknown,Chandigarh,Tier2,Savings,110,49678.63,722,None,None,0.0,1,31.8,0,,Never Contacted,Mass Salaried Regular
CUST00875,43,Male,Retired,289630.33,Single,Primary,Kochi,Tier2,Savings,89,3567.25,683,None,None,0.0,0,0.0,0,,Never Contacted,Dormant Inactive
CUST00876,32,Male,Salaried,503252.88,Single,Secondary,Ranchi,Tier3,Savings,44,21959.38,489,Home Loan,Active,6400.77,1,76.3,0,,Never Contacted,Credit Stressed
CUST00877,50,Female,Salaried,190796.02,Married,Secondary,Bhopal,Tier3,Salary,228,67293.82,745,Home Loan,Active,1928.22,1,28.5,1,337.0,Failure,Mass Salaried Regular
CUST00878,39,Male,Salaried,1144387.0,Married,Secondary,Jaipur,Tier2,Salary,226,92640.13,644,Home Loan,Active,12053.37,0,0.0,1,180.0,Other,Mass Salaried Regular
CUST00879,42,Female,Salaried,165333.22,Married,Primary,Patna,Tier3,Savings,63,2559.31,587,None,None,0.0,1,21.4,0,,Never Contacted,Dormant Inactive
CUST00880,45,Female,Homemaker,241407.94,Married,Primary,Kolkata,Tier1,Savings,76,1004.98,654,Home Loan,Active,4790.36,0,0.0,0,,Never Contacted,Dormant Inactive
CUST00881,52,Female,Salaried,656238.45,Divorced,Secondary,Pune,Tier1,Savings,46,168339.81,759,None,None,0.0,1,34.3,0,,Never Contacted,Mass Salaried Regular
CUST00882,52,Female,Homemaker,285301.37,Married,Secondary,Patna,Tier3,Current,148,15757.99,660,Home Loan,Closed,0.0,0,0.0,3,190.0,Success,Dormant Inactive
CUST00883,42,Female,Self-Employed,1233712.04,Married,Primary,Chandigarh,Tier2,Current,138,769897.73,726,Home Loan,Active,21635.71,1,34.9,0,,Never Contacted,Business Growth
CUST00884,32,Male,Self-Employed,404055.73,Married,Secondary,Jaipur,Tier2,Salary,233,28447.95,658,None,None,0.0,1,27.1,0,,Never Contacted,Young Digital
CUST00885,38,Male,Salaried,418245.03,Married,Secondary,Kolkata,Tier1,Current,127,74926.6,672,Home Loan,Active,10659.21,0,0.0,0,,Never Contacted,Mass Salaried Regular
CUST00886,41,Female,Salaried,651064.89,Married,Secondary,Lucknow,Tier2,Salary,145,199047.98,743,Home Loan,Active,6178.93,1,25.3,0,,Never Contacted,Mass Salaried Regular
CUST00887,38,Female,Salaried,665111.5,Divorced,Secondary,Chennai,Tier1,Savings,142,63957.63,735,Home Loan,Active,12943.17,0,0.0,0,,Never Contacted,Mass Salaried Regular
CUST00888,25,Female,Salaried,716144.4,Single,Secondary,Bhopal,Tier3,Current,216,54250.5,732,Home Loan,Active,18963.34,1,25.1,0,,Never Contacted,Mass Salaried Regular
CUST00889,23,Male,Salaried,403672.56,Married,Primary,Patna,Tier3,Savings,219,85731.23,694,Personal Loan,Active,10737.41,0,0.0,0,,Never Contacted,Mass Salaried Regular
CUST00890,28,Female,Self-Employed,207499.3,Single,Secondary,Kolkata,Tier1,Savings,164,15337.17,656,None,None,0.0,0,0.0,0,,Never Contacted,Dormant Inactive
CUST00891,34,Male,Salaried,468090.96,Single,Primary,Kolkata,Tier1,Current,49,69129.9,750,Home Loan,Active,10135.84,1,33.2,0,,Never Contacted,Mass Salaried Regular
CUST00892,50,Male,Business Owner,2518457.06,Married,Tertiary,Indore,Tier2,Savings,75,809097.61,768,None,None,0.0,0,0.0,0,,Never Contacted,Business Growth
CUST00893,34,Male,Salaried,527020.67,Single,Secondary,Hyderabad,Tier1,Salary,104,97635.07,726,Home Loan,Active,8144.68,1,29.9,1,184.0,Failure,Mass Salaried Regular
CUST00894,40,Male,Business Owner,1977522.72,Married,Secondary,Jaipur,Tier2,Savings,62,847573.17,756,Home Loan,Active,21881.58,1,6.7,0,,Never Contacted,Priority Affluent
CUST00895,66,Female,Retired,338403.15,Divorced,Unknown,Indore,Tier2,Senior Citizen,146,154339.56,741,None,None,0.0,0,0.0,0,,Never Contacted,Retiree Conservative
CUST00896,45,Male,Salaried,420072.35,Married,Secondary,Hyderabad,Tier1,Savings,181,14861.03,402,None,None,0.0,1,70.7,0,,Never Contacted,Credit Stressed
CUST00897,36,Female,Professional,470809.87,Married,Secondary,Bhopal,Tier3,Savings,102,247847.01,754,Home Loan,Closed,0.0,0,0.0,0,,Never Contacted,Mass Salaried Regular
CUST00898,38,Female,Salaried,386342.24,Divorced,Secondary,Ahmedabad,Tier2,Salary,218,198817.89,703,Home Loan,Active,3675.19,0,0.0,0,,Never Contacted,Mass Salaried Regular
CUST00899,41,Female,Salaried,740771.03,Married,Secondary,Pune,Tier1,Salary,67,102524.85,724,Home Loan,Active,20600.76,0,0.0,3,295.0,Failure,Mass Salaried Regular
CUST00900,32,Male,Student,221182.07,Married,Tertiary,Kolkata,Tier1,Student,156,46895.54,683,Home Loan,Active,1958.9,0,0.0,0,,Never Contacted,Young Digital
CUST00901,49,Female,Salaried,184551.74,Married,Secondary,Kochi,Tier2,Savings,133,32904.66,669,Home Loan,Active,4946.38,1,31.1,1,245.0,Other,Young Digital
CUST00902,48,Female,Salaried,344415.74,Married,Secondary,Mumbai,Tier1,Salary,114,151804.64,679,None,None,0.0,0,0.0,0,,Never Contacted,Mass Salaried Regular
CUST00903,33,Female,Salaried,3356704.65,Married,Tertiary,Indore,Tier2,Current,107,505786.1,856,Home Loan,Closed,0.0,1,10.3,0,,Never Contacted,Priority Affluent
CUST00904,57,Female,Salaried,142174.46,Married,Secondary,Lucknow,Tier2,Savings,138,53352.42,636,Personal Loan,Active,2429.84,0,0.0,0,,Never Contacted,Young Digital
CUST00905,37,Female,Business Owner,1805131.06,Single,Tertiary,Bengaluru,Tier1,Salary,48,67347.83,743,Home Loan,Closed,0.0,0,0.0,0,,Never Contacted,Business Growth
CUST00906,33,Female,Homemaker,139811.04,Married,Secondary,Jaipur,Tier2,Current,173,3001.68,646,Home Loan,Closed,0.0,0,0.0,1,322.0,Failure,Dormant Inactive
CUST00907,36,Male,Student,353362.67,Married,Tertiary,Jaipur,Tier2,Student,56,11690.25,662,Home Loan,Active,4410.17,0,0.0,0,,Never Contacted,Young Digital
CUST00908,36,Male,Salaried,2022993.63,Single,Tertiary,Chennai,Tier1,Salary,23,298971.92,779,None,None,0.0,1,13.2,0,,Never Contacted,Priority Affluent
CUST00909,41,Female,Salaried,686892.22,Married,Secondary,Patna,Tier3,Salary,239,96268.72,673,Home Loan,Active,18222.14,1,24.9,0,,Never Contacted,Mass Salaried Regular
CUST00910,38,Male,Salaried,532602.39,Divorced,Secondary,Kolkata,Tier1,Current,219,91932.87,703,Home Loan,Closed,0.0,0,0.0,0,,Never Contacted,Mass Salaried Regular
CUST00911,62,Male,Retired,185314.56,Married,Primary,Hyderabad,Tier1,Senior Citizen,133,296580.83,787,Home Loan,Active,3144.53,1,8.0,3,178.0,Failure,Retiree Conservative
CUST00912,53,Male,Salaried,259602.18,Divorced,Secondary,Indore,Tier2,Savings,83,4520.05,363,Home Loan,Closed,0.0,1,68.6,0,,Never Contacted,Credit Stressed
CUST00913,52,Female,Self-Employed,426963.3,Married,Primary,Indore,Tier2,Current,181,5146.84,327,Personal Loan,Active,4706.15,1,80.3,0,,Never Contacted,Credit Stressed
CUST00914,31,Male,Business Owner,3366057.24,Married,Tertiary,Delhi,Tier1,Salary,54,187422.86,696,Home Loan,Active,76739.51,0,0.0,0,,Never Contacted,Business Growth
CUST00915,50,Male,Business Owner,3148728.48,Single,Secondary,Kolkata,Tier1,Salary,185,263495.91,731,Auto Loan,Active,25596.77,0,0.0,0,,Never Contacted,Business Growth
CUST00916,30,Female,Business Owner,1271596.21,Married,Tertiary,Pune,Tier1,Savings,179,194145.41,752,Home Loan,Active,12962.46,1,37.7,1,355.0,Failure,Business Growth
CUST00917,35,Male,Professional,1883419.08,Single,Secondary,Nagpur,Tier2,Savings,54,712977.22,797,Home Loan,Closed,0.0,1,16.0,0,,Never Contacted,Priority Affluent
CUST00918,28,Female,Salaried,465559.17,Married,Primary,Kolkata,Tier1,Current,19,66001.28,750,Personal Loan,Active,4784.26,0,0.0,4,373.0,Other,Mass Salaried Regular
CUST00919,57,Female,Salaried,625255.37,Married,Primary,Kolkata,Tier1,Salary,47,118228.94,706,None,None,0.0,1,25.7,0,,Never Contacted,Mass Salaried Regular
CUST00920,28,Female,Salaried,762269.08,Single,Tertiary,Delhi,Tier1,Salary,15,7073.64,683,Home Loan,Active,20394.27,0,0.0,0,,Never Contacted,Young Digital
CUST00921,54,Male,Salaried,2022308.34,Married,Unknown,Kochi,Tier2,Current,34,465893.54,900,None,None,0.0,1,14.6,0,,Never Contacted,Priority Affluent
CUST00922,41,Male,Salaried,416549.68,Married,Tertiary,Indore,Tier2,Savings,237,3690.54,452,Home Loan,Closed,0.0,1,81.9,0,,Never Contacted,Credit Stressed
CUST00923,51,Male,Self-Employed,468710.28,Married,Primary,Chennai,Tier1,Current,137,8126.7,716,None,None,0.0,0,0.0,0,,Never Contacted,Dormant Inactive
CUST00924,24,Female,Self-Employed,346030.08,Single,Tertiary,Jaipur,Tier2,Savings,85,43278.3,653,None,None,0.0,0,0.0,0,,Never Contacted,Young Digital
CUST00925,56,Female,Salaried,432558.09,Married,Secondary,Coimbatore,Tier2,Savings,186,139612.42,717,None,None,0.0,1,29.9,0,,Never Contacted,Mass Salaried Regular
CUST00926,41,Male,Professional,387648.49,Single,Secondary,Kolkata,Tier1,Savings,218,77147.45,720,Home Loan,Closed,0.0,1,29.3,0,,Never Contacted,Mass Salaried Regular
CUST00927,41,Female,Salaried,604114.66,Single,Secondary,Ahmedabad,Tier2,Savings,210,39797.18,696,None,None,0.0,1,22.3,0,,Never Contacted,Mass Salaried Regular
CUST00928,36,Male,Salaried,537339.44,Divorced,Secondary,Chandigarh,Tier2,Savings,38,44074.15,394,None,None,0.0,0,0.0,0,,Never Contacted,Credit Stressed
CUST00929,51,Female,Salaried,136154.27,Divorced,Tertiary,Bhopal,Tier3,Salary,75,2426.8,631,None,None,0.0,0,0.0,0,,Never Contacted,Dormant Inactive
CUST00930,57,Female,Retired,523636.77,Married,Secondary,Kochi,Tier2,Salary,109,219937.27,770,Personal Loan,Active,5574.97,0,0.0,0,,Never Contacted,Retiree Conservative
CUST00931,25,Male,Professional,394565.09,Single,Secondary,Nagpur,Tier2,Savings,107,24868.59,747,Education Loan,Active,4801.73,1,25.1,0,,Never Contacted,Mass Salaried Regular
CUST00932,31,Female,Salaried,320733.16,Single,Secondary,Indore,Tier2,Salary,91,85455.6,664,Home Loan,Active,7339.43,0,0.0,1,275.0,Other,Mass Salaried Regular
CUST00933,54,Female,Professional,393518.02,Married,Primary,Chandigarh,Tier2,Savings,72,54687.31,711,Home Loan,Active,5115.89,1,26.8,0,,Never Contacted,Mass Salaried Regular
CUST00934,64,Female,Retired,381661.01,Married,Tertiary,Lucknow,Tier2,Senior Citizen,231,330689.52,766,None,None,0.0,0,0.0,2,91.0,Failure,Retiree Conservative
CUST00935,48,Female,Retired,348050.78,Married,Primary,Chandigarh,Tier2,Savings,55,481811.38,702,Home Loan,Active,8441.94,0,0.0,0,,Never Contacted,Retiree Conservative
CUST00936,32,Male,Salaried,540874.09,Single,Secondary,Ahmedabad,Tier2,Savings,47,54740.25,744,Home Loan,Active,14101.38,0,0.0,1,189.0,Success,Mass Salaried Regular
CUST00937,47,Female,Self-Employed,1323029.18,Married,Secondary,Indore,Tier2,Savings,34,108402.58,716,Personal Loan,Closed,0.0,1,45.0,0,,Never Contacted,Business Growth
CUST00938,43,Female,Salaried,426721.83,Married,Secondary,Nagpur,Tier2,Savings,181,115871.15,672,Home Loan,Active,3464.36,1,23.4,0,,Never Contacted,Mass Salaried Regular
CUST00939,34,Female,Salaried,308205.22,Married,Secondary,Chennai,Tier1,Salary,240,11810.67,335,None,None,0.0,1,67.2,2,150.0,Failure,Credit Stressed
CUST00940,52,Female,Salaried,2946865.9,Married,Tertiary,Bengaluru,Tier1,Savings,155,737160.58,799,Education Loan,Active,69384.16,1,9.8,0,,Never Contacted,Priority Affluent
CUST00941,50,Female,Salaried,606151.23,Divorced,Secondary,Kolkata,Tier1,Salary,159,143493.37,705,Home Loan,Active,16136.61,1,29.1,8,287.0,Failure,Mass Salaried Regular
CUST00942,41,Male,Salaried,215409.23,Married,Primary,Delhi,Tier1,Salary,113,46120.87,407,Home Loan,Closed,0.0,1,73.9,0,,Never Contacted,Credit Stressed
CUST00943,24,Male,Professional,845221.69,Single,Secondary,Mumbai,Tier1,Current,40,117182.5,721,Home Loan,Active,7435.49,1,32.7,0,,Never Contacted,Mass Salaried Regular
CUST00944,52,Female,Professional,562517.42,Married,Secondary,Jaipur,Tier2,Savings,201,44685.55,695,Home Loan,Active,7034.21,1,27.6,0,,Never Contacted,Mass Salaried Regular
CUST00945,30,Male,Salaried,313079.3,Single,Tertiary,Nagpur,Tier2,Salary,52,2101.02,638,Home Loan,Active,6396.59,0,0.0,0,,Never Contacted,Young Digital
CUST00946,54,Female,Salaried,472149.75,Married,Secondary,Indore,Tier2,Savings,237,123997.6,688,None,None,0.0,0,0.0,0,,Never Contacted,Mass Salaried Regular
CUST00947,29,Female,Retired,120000.0,Single,Secondary,Lucknow,Tier2,Savings,161,6807.45,680,None,None,0.0,1,20.6,0,,Never Contacted,Dormant Inactive
CUST00948,54,Female,Salaried,409691.93,Married,Primary,Patna,Tier3,Savings,60,12248.02,443,Home Loan,Active,5011.23,0,0.0,3,130.0,Other,Credit Stressed
CUST00949,50,Female,Salaried,338544.58,Divorced,Secondary,Jaipur,Tier2,Savings,151,3713.94,396,None,None,0.0,1,71.5,0,,Never Contacted,Credit Stressed
CUST00950,75,Female,Professional,414778.94,Married,Unknown,Hyderabad,Tier1,Senior Citizen,54,105746.59,732,None,None,0.0,0,0.0,0,,Never Contacted,Mass Salaried Regular
CUST00951,33,Male,Salaried,120000.0,Married,Secondary,Coimbatore,Tier2,Savings,64,28139.04,671,Home Loan,Closed,0.0,0,0.0,0,,Never Contacted,Young Digital
CUST00952,31,Female,Salaried,479130.7,Single,Secondary,Ranchi,Tier3,Savings,67,86168.16,716,Home Loan,Active,5652.71,1,26.5,0,,Never Contacted,Mass Salaried Regular
CUST00953,31,Male,Professional,436523.73,Married,Secondary,Chandigarh,Tier2,Savings,136,18287.51,732,Home Loan,Active,3040.72,0,0.0,0,,Never Contacted,Mass Salaried Regular
CUST00954,57,Male,Salaried,566345.4,Married,Unknown,Hyderabad,Tier1,Savings,19,68783.62,721,Home Loan,Closed,0.0,0,0.0,0,,Never Contacted,Mass Salaried Regular
CUST00955,29,Female,Business Owner,775728.73,Married,Tertiary,Coimbatore,Tier2,Savings,166,769431.5,715,Home Loan,Active,10736.38,1,34.8,0,,Never Contacted,Business Growth
CUST00956,36,Male,Salaried,563253.52,Married,Primary,Bengaluru,Tier1,Savings,220,7192.07,534,Home Loan,Closed,0.0,1,67.3,1,342.0,Failure,Credit Stressed
CUST00957,77,Female,Retired,221904.85,Married,Tertiary,Pune,Tier1,Senior Citizen,52,564642.61,739,None,None,0.0,1,8.9,0,,Never Contacted,Retiree Conservative
CUST00958,33,Male,Student,323995.65,Single,Secondary,Coimbatore,Tier2,Student,153,21848.4,653,None,None,0.0,0,0.0,0,,Never Contacted,Young Digital
CUST00959,52,Male,Student,626720.35,Married,Secondary,Chennai,Tier1,Student,191,12562.07,658,None,None,0.0,1,26.0,0,,Never Contacted,Young Digital
CUST00960,33,Other,Student,317194.27,Single,Tertiary,Chennai,Tier1,Student,209,14360.54,728,None,None,0.0,0,0.0,0,,Never Contacted,Young Digital
CUST00961,52,Female,Salaried,513177.29,Divorced,Secondary,Mumbai,Tier1,Savings,55,12627.87,636,Home Loan,Active,9064.63,1,26.3,0,,Never Contacted,Young Digital
CUST00962,23,Male,Salaried,291842.76,Single,Secondary,Patna,Tier3,Savings,72,26138.5,595,None,None,0.0,1,29.8,0,,Never Contacted,Young Digital
CUST00963,32,Male,Salaried,314762.55,Single,Secondary,Ahmedabad,Tier2,Savings,233,76483.65,757,None,None,0.0,0,0.0,2,455.0,Failure,Mass Salaried Regular
CUST00964,34,Male,Salaried,486362.22,Married,Secondary,Indore,Tier2,Savings,29,39797.18,719,Personal Loan,Closed,0.0,1,27.4,0,,Never Contacted,Mass Salaried Regular
CUST00965,43,Female,Business Owner,505642.54,Married,Unknown,Kolkata,Tier1,Current,129,119575.65,743,Home Loan,Closed,0.0,1,52.5,0,,Never Contacted,Business Growth
CUST00966,54,Female,Salaried,275463.52,Married,Tertiary,Bhopal,Tier3,Salary,59,17987.99,637,Home Loan,Active,4601.43,0,0.0,0,,Never Contacted,Young Digital
CUST00967,27,Female,Self-Employed,1695561.71,Single,Secondary,Ahmedabad,Tier2,Savings,84,151717.35,746,None,None,0.0,0,0.0,0,,Never Contacted,Business Growth
CUST00968,52,Female,Professional,598088.0,Married,Secondary,Patna,Tier3,Salary,46,56983.77,688,Home Loan,Active,7517.38,1,30.2,0,,Never Contacted,Mass Salaried Regular
CUST00969,51,Male,Student,309521.62,Married,Secondary,Kolkata,Tier1,Student,96,29104.84,649,None,None,0.0,1,35.1,0,,Never Contacted,Young Digital
CUST00970,27,Male,Salaried,385984.52,Single,Secondary,Pune,Tier1,Current,207,104888.54,702,Personal Loan,Active,4845.71,1,43.2,0,,Never Contacted,Mass Salaried Regular
CUST00971,51,Male,Professional,778364.84,Married,Tertiary,Delhi,Tier1,Salary,138,36818.5,701,Home Loan,Active,20976.83,1,38.4,0,,Never Contacted,Mass Salaried Regular
CUST00972,36,Male,Salaried,2404266.36,Married,Tertiary,Kolkata,Tier1,Salary,67,1283740.51,856,None,None,0.0,0,0.0,2,455.0,Failure,Priority Affluent
CUST00973,53,Other,Professional,1874967.85,Married,Secondary,Kolkata,Tier1,Savings,172,319830.62,797,None,None,0.0,1,17.3,0,,Never Contacted,Priority Affluent
CUST00974,49,Male,Self-Employed,461089.13,Married,Secondary,Chennai,Tier1,Salary,164,4457.68,519,Home Loan,Defaulted,0.0,0,0.0,0,,Never Contacted,Credit Stressed
CUST00975,48,Male,Salaried,503132.12,Married,Secondary,Kolkata,Tier1,Salary,154,23368.08,669,Home Loan,Closed,0.0,0,0.0,0,,Never Contacted,Mass Salaried Regular
CUST00976,37,Female,Homemaker,174383.38,Married,Secondary,Patna,Tier3,Savings,30,3546.87,708,Home Loan,Closed,0.0,0,0.0,0,,Never Contacted,Dormant Inactive
CUST00977,58,Male,Salaried,186818.53,Married,Secondary,Chennai,Tier1,Current,54,52189.92,657,Home Loan,Defaulted,0.0,1,29.7,0,,Never Contacted,Young Digital
CUST00978,32,Male,Salaried,510179.28,Married,Secondary,Ahmedabad,Tier2,Salary,239,100771.8,651,None,None,0.0,0,0.0,1,362.0,Other,Mass Salaried Regular
CUST00979,34,Female,Student,325415.31,Single,Tertiary,Coimbatore,Tier2,Student,74,9314.56,683,Home Loan,Active,8425.28,0,0.0,0,,Never Contacted,Young Digital
CUST00980,32,Male,Salaried,280234.55,Married,Secondary,Chennai,Tier1,Savings,63,66075.55,711,Home Loan,Active,4430.44,1,35.2,4,267.0,Failure,Mass Salaried Regular
CUST00981,39,Female,Business Owner,1256273.95,Single,Tertiary,Mumbai,Tier1,Savings,41,374941.84,767,Home Loan,Defaulted,0.0,1,33.6,0,,Never Contacted,Business Growth
CUST00982,53,Female,Retired,176334.43,Divorced,Secondary,Ahmedabad,Tier2,Salary,91,243744.33,803,None,None,0.0,0,0.0,0,,Never Contacted,Retiree Conservative
CUST00983,58,Male,Retired,162695.59,Divorced,Primary,Bhopal,Tier3,Savings,239,272947.8,733,Home Loan,Active,1733.33,1,8.5,1,310.0,Other,Retiree Conservative
CUST00984,34,Male,Salaried,515960.33,Married,Secondary,Patna,Tier3,Savings,1,25103.26,634,Personal Loan,Active,5299.49,1,16.3,0,,Never Contacted,Young Digital
CUST00985,30,Male,Salaried,420016.38,Married,Secondary,Lucknow,Tier2,Savings,229,78154.98,695,Home Loan,Active,8474.72,0,0.0,4,251.0,Other,Mass Salaried Regular
CUST00986,38,Male,Business Owner,1229397.8,Divorced,Tertiary,Chandigarh,Tier2,Current,35,190651.28,747,Home Loan,Active,27053.04,0,0.0,0,,Never Contacted,Business Growth
CUST00987,29,Male,Salaried,499914.39,Married,Secondary,Ranchi,Tier3,Salary,188,99550.13,693,Home Loan,Active,11858.75,0,0.0,0,,Never Contacted,Mass Salaried Regular
CUST00988,41,Male,Professional,2097045.11,Married,Primary,Lucknow,Tier2,Savings,154,410304.19,827,Home Loan,Active,40081.5,1,6.6,0,,Never Contacted,Priority Affluent
CUST00989,46,Female,Salaried,674316.48,Married,Secondary,Lucknow,Tier2,Salary,206,56359.7,696,None,None,0.0,1,21.8,0,,Never Contacted,Mass Salaried Regular
CUST00990,79,Female,Retired,443205.42,Divorced,Unknown,Delhi,Tier1,Senior Citizen,91,358980.45,837,None,None,0.0,0,0.0,2,450.0,Failure,Retiree Conservative
CUST00991,50,Female,Salaried,354141.88,Married,Unknown,Kolkata,Tier1,Savings,105,13171.32,575,Home Loan,Active,10215.92,0,0.0,0,,Never Contacted,Dormant Inactive
CUST00992,60,Female,Retired,516649.22,Divorced,Secondary,Bhopal,Tier3,Senior Citizen,60,325571.9,763,Home Loan,Active,13460.33,0,0.0,0,,Never Contacted,Retiree Conservative
CUST00993,52,Male,Retired,272421.76,Divorced,Tertiary,Kolkata,Tier1,Savings,12,414648.13,806,Home Loan,Closed,0.0,1,3.2,0,,Never Contacted,Retiree Conservative
CUST00994,54,Female,Salaried,394188.71,Divorced,Secondary,Coimbatore,Tier2,Current,87,36818.5,709,Home Loan,Defaulted,0.0,1,33.4,0,,Never Contacted,Mass Salaried Regular
CUST00995,29,Female,Business Owner,976179.22,Single,Tertiary,Hyderabad,Tier1,Savings,160,353017.32,744,Education Loan,Active,7438.83,1,35.2,0,,Never Contacted,Business Growth
CUST00996,28,Female,Salaried,356140.86,Single,Tertiary,Patna,Tier3,Current,144,16141.88,685,Home Loan,Active,8475.57,1,28.7,0,,Never Contacted,Young Digital
CUST00997,56,Male,Homemaker,323050.01,Married,Unknown,Bengaluru,Tier1,Savings,220,5703.13,781,None,None,0.0,0,0.0,0,,Never Contacted,Dormant Inactive
CUST00998,33,Male,Salaried,3464726.97,Married,Secondary,Pune,Tier1,Savings,147,372958.47,837,None,None,0.0,1,11.8,0,,Never Contacted,Priority Affluent
CUST00999,29,Female,Business Owner,672608.45,Single,Secondary,Chennai,Tier1,Savings,167,108402.58,727,Home Loan,Active,13109.43,0,0.0,0,,Never Contacted,Business Growth
CUST01000,53,Male,Professional,517478.6,Married,Secondary,Coimbatore,Tier2,Savings,215,235748.44,724,Home Loan,Closed,0.0,1,40.8,0,,Never Contacted,Mass Salaried Regular
CUST01001,52,Female,Salaried,1696658.66,Single,Tertiary,Delhi,Tier1,Savings,225,1214102.0,847,Home Loan,Active,37063.33,1,6.5,0,,Never Contacted,Priority Affluent
CUST01002,27,Female,Salaried,656375.71,Single,Tertiary,Jaipur,Tier2,Current,104,52036.19,663,Home Loan,Active,9169.42,0,0.0,3,466.0,Success,Young Digital
CUST01003,37,Female,Salaried,523264.45,Married,Secondary,Bhopal,Tier3,Savings,115,125124.86,745,Home Loan,Active,11643.02,0,0.0,2,85.0,Success,Mass Salaried Regular
CUST01004,51,Female,Salaried,718517.76,Married,Secondary,Mumbai,Tier1,Salary,14,22996.86,698,Home Loan,Closed,0.0,1,25.7,0,,Never Contacted,Mass Salaried Regular
CUST01005,51,Male,Salaried,229350.03,Married,Secondary,Pune,Tier1,Salary,181,6272.26,707,None,None,0.0,0,0.0,0,,Never Contacted,Dormant Inactive
CUST01006,37,Male,Salaried,424602.88,Married,Secondary,Delhi,Tier1,Salary,55,97461.41,720,Auto Loan,Active,10650.77,1,33.8,0,,Never Contacted,Mass Salaried Regular
CUST01007,54,Female,Self-Employed,1186341.88,Married,Primary,Kochi,Tier2,Savings,33,234113.35,735,Home Loan,Active,7927.37,1,47.1,0,,Never Contacted,Business Growth
CUST01008,44,Male,Salaried,876743.56,Single,Secondary,Kolkata,Tier1,Current,233,46958.75,725,Home Loan,Closed,0.0,0,0.0,0,,Never Contacted,Mass Salaried Regular
CUST01009,60,Female,Retired,451309.25,Married,Tertiary,Chennai,Tier1,Senior Citizen,215,124490.09,789,None,None,0.0,0,0.0,0,,Never Contacted,Retiree Conservative
CUST01010,46,Male,Salaried,219718.6,Married,Secondary,Kolkata,Tier1,Savings,197,25028.89,672,None,None,0.0,0,0.0,0,,Never Contacted,Young Digital
CUST01011,47,Female,Retired,193286.91,Married,Secondary,Mumbai,Tier1,Current,181,10317.14,601,None,None,0.0,0,0.0,0,,Never Contacted,Dormant Inactive
CUST01012,44,Male,Retired,235908.62,Single,Unknown,Pune,Tier1,Salary,75,38874.72,700,None,None,0.0,0,0.0,0,,Never Contacted,Dormant Inactive
CUST01013,24,Female,Salaried,379975.97,Single,Secondary,Bengaluru,Tier1,Salary,12,22027.34,634,None,None,0.0,1,35.6,2,91.0,Failure,Young Digital
CUST01014,36,Male,Self-Employed,488851.81,Single,Tertiary,Coimbatore,Tier2,Current,92,564907.05,777,None,None,0.0,0,0.0,0,,Never Contacted,Business Growth
CUST01015,36,Female,Salaried,683525.44,Divorced,Secondary,Mumbai,Tier1,Savings,137,154259.36,711,None,None,0.0,1,39.8,0,,Never Contacted,Mass Salaried Regular
CUST01016,45,Male,Salaried,836717.51,Married,Secondary,Delhi,Tier1,Savings,21,188639.52,588,Personal Loan,Active,6162.49,1,30.2,0,,Never Contacted,Mass Salaried Regular
CUST01017,35,Female,Self-Employed,331321.3,Divorced,Primary,Lucknow,Tier2,Salary,208,9608.96,699,None,None,0.0,0,0.0,0,,Never Contacted,Dormant Inactive
CUST01018,34,Female,Salaried,303003.93,Married,Secondary,Bengaluru,Tier1,Salary,97,791.76,480,Personal Loan,Active,5265.94,1,71.8,0,,Never Contacted,Credit Stressed
CUST01019,40,Female,Salaried,3043739.89,Married,Primary,Coimbatore,Tier2,Salary,57,674025.09,862,Home Loan,Active,53236.99,1,5.6,0,,Never Contacted,Priority Affluent
CUST01020,35,Female,Student,273739.62,Married,Secondary,Chandigarh,Tier2,Student,33,53417.22,645,Home Loan,Active,6771.7,1,40.9,17,201.0,Other,Young Digital
CUST01021,39,Female,Self-Employed,311407.72,Divorced,Secondary,Nagpur,Tier2,Savings,123,13445.47,626,Home Loan,Active,2791.13,1,71.5,1,171.0,Failure,Credit Stressed
CUST01022,57,Male,Retired,499877.15,Married,Primary,Lucknow,Tier2,Savings,134,197582.81,755,Home Loan,Closed,0.0,0,0.0,0,,Never Contacted,Retiree Conservative
CUST01023,50,Female,Business Owner,1949346.0,Married,Tertiary,Kochi,Tier2,Savings,77,175453.8,723,None,None,0.0,0,0.0,0,,Never Contacted,Business Growth
CUST01024,32,Female,Student,347691.61,Single,Secondary,Jaipur,Tier2,Student,215,31507.91,663,Home Loan,Active,4773.38,0,0.0,0,,Never Contacted,Young Digital
CUST01025,55,Female,Self-Employed,188158.57,Married,Secondary,Jaipur,Tier2,Savings,175,8356.1,653,None,None,0.0,1,3.1,0,,Never Contacted,Dormant Inactive
CUST01026,30,Male,Professional,863166.47,Single,Secondary,Bengaluru,Tier1,Savings,159,135701.99,735,Personal Loan,Active,22299.9,0,0.0,0,,Never Contacted,Mass Salaried Regular
CUST01027,36,Male,Business Owner,152245.49,Single,Tertiary,Bhopal,Tier3,Salary,186,179735.48,767,Personal Loan,Closed,0.0,1,39.9,0,,Never Contacted,Business Growth
CUST01028,37,Male,Salaried,836272.38,Married,Secondary,Coimbatore,Tier2,Savings,197,112655.33,659,None,None,0.0,1,24.8,0,,Never Contacted,Mass Salaried Regular
CUST01029,71,Male,Retired,213388.49,Married,Primary,Ranchi,Tier3,Senior Citizen,174,356440.39,734,None,None,0.0,0,0.0,1,98.0,Success,Retiree Conservative
CUST01030,44,Female,Salaried,885268.52,Married,Primary,Indore,Tier2,Current,49,42529.96,724,Personal Loan,Closed,0.0,0,0.0,0,,Never Contacted,Mass Salaried Regular
CUST01031,51,Female,Student,387169.54,Married,Secondary,Ahmedabad,Tier2,Student,240,23934.08,706,Home Loan,Active,4150.37,0,0.0,0,,Never Contacted,Young Digital
CUST01032,59,Male,Homemaker,120000.0,Married,Unknown,Lucknow,Tier2,Savings,49,7354.1,644,None,None,0.0,0,0.0,2,104.0,Failure,Dormant Inactive
CUST01033,36,Female,Salaried,475868.14,Single,Secondary,Ahmedabad,Tier2,Savings,29,30435.92,639,None,None,0.0,0,0.0,0,,Never Contacted,Young Digital
CUST01034,35,Male,Salaried,552185.08,Married,Secondary,Patna,Tier3,Savings,228,4844.65,513,Personal Loan,Active,13734.76,1,82.5,0,,Never Contacted,Credit Stressed
CUST01035,42,Female,Salaried,272749.32,Married,Secondary,Lucknow,Tier2,Savings,233,65843.63,711,Home Loan,Active,2915.49,0,0.0,0,,Never Contacted,Mass Salaried Regular
CUST01036,56,Female,Salaried,176052.53,Married,Secondary,Kolkata,Tier1,Savings,105,6099.94,627,None,None,0.0,0,0.0,0,,Never Contacted,Dormant Inactive
CUST01037,29,Male,Salaried,587793.94,Single,Secondary,Coimbatore,Tier2,Savings,220,220244.16,718,Home Loan,Closed,0.0,0,0.0,0,,Never Contacted,Mass Salaried Regular
CUST01038,57,Female,Salaried,706262.62,Married,Secondary,Bhopal,Tier3,Salary,23,101791.03,701,Home Loan,Defaulted,0.0,1,24.2,0,,Never Contacted,Mass Salaried Regular
CUST01039,59,Female,Self-Employed,359871.3,Married,Secondary,Chennai,Tier1,Salary,221,30739.5,657,None,None,0.0,0,0.0,0,,Never Contacted,Young Digital
CUST01040,45,Male,Salaried,478169.63,Married,Secondary,Bengaluru,Tier1,Savings,148,99286.43,681,Personal Loan,Active,4271.09,1,29.6,0,,Never Contacted,Mass Salaried Regular
CUST01041,44,Male,Business Owner,1952297.83,Married,Tertiary,Indore,Tier2,Salary,233,271250.18,838,Personal Loan,Active,21539.9,1,11.4,0,,Never Contacted,Priority Affluent
CUST01042,51,Male,Homemaker,203332.2,Married,Tertiary,Bhopal,Tier3,Current,13,3536.57,651,Personal Loan,Active,4882.91,1,1.1,0,,Never Contacted,Dormant Inactive
CUST01043,39,Female,Homemaker,124185.27,Married,Tertiary,Patna,Tier3,Savings,193,4562.34,570,Home Loan,Active,1941.65,0,0.0,0,,Never Contacted,Dormant Inactive
CUST01044,44,Female,Self-Employed,171222.03,Married,Primary,Indore,Tier2,Salary,196,12047.68,710,None,None,0.0,0,0.0,0,,Never Contacted,Dormant Inactive
CUST01045,55,Male,Salaried,1007223.87,Married,Tertiary,Chandigarh,Tier2,Savings,160,298971.92,804,Personal Loan,Active,23270.73,1,10.5,0,,Never Contacted,Priority Affluent
CUST01046,41,Male,Salaried,664663.06,Single,Secondary,Hyderabad,Tier1,Current,88,67923.38,696,None,None,0.0,0,0.0,0,,Never Contacted,Mass Salaried Regular
CUST01047,53,Male,Salaried,660128.31,Divorced,Secondary,Bhopal,Tier3,Savings,225,71625.68,708,Home Loan,Active,10384.18,0,0.0,0,,Never Contacted,Mass Salaried Regular
CUST01048,59,Male,Retired,278162.09,Married,Primary,Bhopal,Tier3,Current,51,79540.83,775,None,None,0.0,0,0.0,0,,Never Contacted,Retiree Conservative
CUST01049,54,Male,Salaried,467394.57,Single,Secondary,Kochi,Tier2,Salary,119,6922.36,470,None,None,0.0,1,67.8,0,,Never Contacted,Credit Stressed
CUST01050,33,Male,Professional,1072244.57,Married,Secondary,Patna,Tier3,Current,158,69350.17,742,Home Loan,Active,29438.75,0,0.0,0,,Never Contacted,Mass Salaried Regular
CUST01051,35,Female,Homemaker,314451.6,Single,Secondary,Chandigarh,Tier2,Current,92,3402.1,711,Home Loan,Active,4319.48,0,0.0,0,,Never Contacted,Dormant Inactive
CUST01052,34,Female,Salaried,455741.25,Married,Secondary,Kochi,Tier2,Salary,69,160740.57,731,Home Loan,Active,4024.82,0,0.0,1,191.0,Failure,Mass Salaried Regular
CUST01053,53,Female,Salaried,434107.84,Divorced,Tertiary,Patna,Tier3,Salary,197,37280.63,704,Personal Loan,Defaulted,0.0,0,0.0,6,64.0,Other,Mass Salaried Regular
CUST01054,31,Female,Salaried,665281.57,Single,Secondary,Lucknow,Tier2,Savings,10,79425.12,689,Home Loan,Active,10769.42,0,0.0,0,,Never Contacted,Mass Salaried Regular
CUST01055,60,Male,Salaried,506611.63,Married,Secondary,Ahmedabad,Tier2,Senior Citizen,36,88969.29,720,Home Loan,Closed,0.0,0,0.0,5,265.0,Other,Mass Salaried Regular
CUST01056,37,Female,Retired,225563.91,Single,Primary,Chennai,Tier1,Salary,35,1886.91,570,None,None,0.0,0,0.0,0,,Never Contacted,Dormant Inactive
CUST01057,27,Male,Salaried,617640.84,Married,Secondary,Bhopal,Tier3,Savings,18,6039.9,431,None,None,0.0,1,70.8,0,,Never Contacted,Credit Stressed
CUST01058,32,Male,Professional,503086.64,Single,Tertiary,Ahmedabad,Tier2,Salary,236,77605.13,709,Home Loan,Active,5599.33,1,26.0,0,,Never Contacted,Mass Salaried Regular
CUST01059,19,Female,Student,245884.82,Single,Unknown,Kochi,Tier2,Student,56,9935.86,708,None,None,0.0,1,34.1,2,182.0,Success,Young Digital
CUST01060,46,Female,Homemaker,338010.28,Married,Primary,Lucknow,Tier2,Savings,35,4543.48,578,Personal Loan,Active,9753.5,0,0.0,0,,Never Contacted,Dormant Inactive
CUST01061,49,Female,Business Owner,1785141.73,Married,Tertiary,Chandigarh,Tier2,Salary,51,516307.7,703,Education Loan,Active,34298.34,1,45.9,0,,Never Contacted,Business Growth
CUST01062,50,Female,Salaried,120000.0,Single,Unknown,Bengaluru,Tier1,Salary,238,4655.8,605,None,None,0.0,0,0.0,0,,Never Contacted,Dormant Inactive
CUST01063,37,Male,Professional,738091.15,Married,Secondary,Delhi,Tier1,Savings,197,91879.34,708,None,None,0.0,0,0.0,2,342.0,Other,Mass Salaried Regular
CUST01064,57,Male,Salaried,386733.35,Married,Primary,Mumbai,Tier1,Savings,4,11443.44,631,None,None,0.0,0,0.0,0,,Never Contacted,Dormant Inactive
CUST01065,36,Male,Salaried,422753.66,Married,Secondary,Ranchi,Tier3,Savings,207,54740.25,760,Home Loan,Active,6565.94,0,0.0,0,,Never Contacted,Mass Salaried Regular
CUST01066,49,Female,Self-Employed,1355744.9,Married,Secondary,Coimbatore,Tier2,Savings,185,638068.02,725,Home Loan,Closed,0.0,0,0.0,0,,Never Contacted,Business Growth
CUST01067,48,Male,Salaried,699000.25,Married,Secondary,Kochi,Tier2,Current,123,52841.49,712,None,None,0.0,1,23.6,0,,Never Contacted,Mass Salaried Regular
CUST01068,38,Female,Salaried,251483.83,Single,Tertiary,Coimbatore,Tier2,Savings,151,1609.82,579,Education Loan,Active,6644.38,0,0.0,3,95.0,Success,Dormant Inactive
CUST01069,50,Male,Professional,5868641.51,Divorced,Secondary,Patna,Tier3,Salary,128,724264.96,720,Home Loan,Active,57238.56,1,14.4,0,,Never Contacted,Priority Affluent
CUST01070,48,Female,Salaried,480018.77,Divorced,Secondary,Kochi,Tier2,Savings,149,74453.08,731,None,None,0.0,1,27.1,0,,Never Contacted,Mass Salaried Regular
CUST01071,29,Female,Self-Employed,372852.47,Single,Secondary,Bhopal,Tier3,Salary,138,14544.14,515,Home Loan,Active,6975.9,1,81.5,0,,Never Contacted,Credit Stressed
CUST01072,34,Male,Salaried,148957.38,Married,Secondary,Chennai,Tier1,Savings,1,4955.38,702,Home Loan,Active,3561.54,0,0.0,3,267.0,Other,Dormant Inactive
CUST01073,23,Female,Student,168523.29,Single,Tertiary,Mumbai,Tier1,Student,177,20494.47,633,None,None,0.0,0,0.0,6,178.0,Success,Young Digital
CUST01074,45,Female,Self-Employed,1166370.9,Married,Tertiary,Jaipur,Tier2,Salary,109,359570.67,744,None,None,0.0,1,42.0,0,,Never Contacted,Business Growth
CUST01075,30,Female,Self-Employed,381636.43,Married,Secondary,Delhi,Tier1,Savings,191,10817.48,470,Home Loan,Closed,0.0,1,88.0,0,,Never Contacted,Credit Stressed
CUST01076,50,Female,Salaried,688029.88,Married,Secondary,Patna,Tier3,Current,137,123136.02,704,Home Loan,Active,16436.5,0,0.0,0,,Never Contacted,Mass Salaried Regular
CUST01077,37,Female,Salaried,482848.12,Married,Secondary,Ahmedabad,Tier2,Salary,23,31056.61,650,Home Loan,Active,9661.75,1,26.4,0,,Never Contacted,Young Digital
CUST01078,35,Male,Salaried,554345.67,Single,Secondary,Chandigarh,Tier2,Savings,225,12054.96,669,Home Loan,Active,12973.79,0,0.0,5,200.0,Failure,Young Digital
CUST01079,33,Female,Homemaker,125280.32,Married,Secondary,Bhopal,Tier3,Savings,160,1308.53,568,Home Loan,Active,1704.96,0,0.0,0,,Never Contacted,Dormant Inactive
CUST01080,38,Male,Salaried,441051.2,Married,Secondary,Lucknow,Tier2,Current,131,28014.38,691,Home Loan,Active,7089.13,0,0.0,0,,Never Contacted,Mass Salaried Regular
CUST01081,48,Male,Salaried,557407.66,Married,Primary,Jaipur,Tier2,Salary,140,124749.8,752,None,None,0.0,0,0.0,0,,Never Contacted,Mass Salaried Regular
CUST01082,46,Female,Salaried,1014515.37,Married,Primary,Kochi,Tier2,Savings,156,13063.56,527,Home Loan,Active,26725.29,1,71.1,0,,Never Contacted,Credit Stressed
CUST01083,56,Male,Business Owner,1360871.29,Married,Secondary,Delhi,Tier1,Current,74,336129.32,728,Home Loan,Active,16998.7,1,55.9,0,,Never Contacted,Business Growth
CUST01084,47,Female,Salaried,346207.64,Married,Secondary,Bhopal,Tier3,Savings,114,12057.83,554,Home Loan,Active,7542.01,1,77.5,0,,Never Contacted,Credit Stressed
CUST01085,25,Male,Self-Employed,1091215.84,Single,Tertiary,Lucknow,Tier2,Savings,7,379929.13,729,Home Loan,Active,21169.51,0,0.0,4,348.0,Failure,Business Growth
CUST01086,72,Female,Retired,277821.88,Single,Tertiary,Chennai,Tier1,Senior Citizen,109,278785.53,828,None,None,0.0,0,0.0,2,98.0,Failure,Retiree Conservative
CUST01087,60,Male,Retired,169035.33,Married,Primary,Ranchi,Tier3,Senior Citizen,175,175159.21,777,Personal Loan,Closed,0.0,0,0.0,1,252.0,Failure,Retiree Conservative
CUST01088,58,Male,Retired,323171.5,Married,Secondary,Lucknow,Tier2,Salary,235,271324.27,775,None,None,0.0,0,0.0,0,,Never Contacted,Retiree Conservative
CUST01089,23,Female,Salaried,165839.66,Single,Secondary,Kochi,Tier2,Salary,202,23231.78,628,None,None,0.0,0,0.0,8,85.0,Failure,Young Digital
CUST01090,23,Female,Self-Employed,439530.08,Single,Secondary,Nagpur,Tier2,Salary,155,11313.04,723,Home Loan,Active,7619.41,0,0.0,0,,Never Contacted,Young Digital
CUST01091,29,Male,Salaried,385360.07,Single,Tertiary,Chennai,Tier1,Savings,185,154261.11,736,Home Loan,Active,3460.47,1,25.6,0,,Never Contacted,Mass Salaried Regular
CUST01092,56,Male,Salaried,132211.32,Married,Unknown,Chennai,Tier1,Salary,74,6203.71,611,None,None,0.0,0,0.0,0,,Never Contacted,Dormant Inactive
CUST01093,31,Male,Professional,516146.72,Divorced,Secondary,Delhi,Tier1,Current,217,45252.33,684,Home Loan,Active,6393.32,1,30.4,0,,Never Contacted,Mass Salaried Regular
CUST01094,28,Female,Salaried,618125.55,Married,Primary,Nagpur,Tier2,Savings,209,47805.34,700,Home Loan,Active,15557.91,1,29.7,0,,Never Contacted,Mass Salaried Regular
CUST01095,33,Female,Retired,179130.63,Single,Tertiary,Chennai,Tier1,Current,204,8612.05,744,None,None,0.0,0,0.0,0,,Never Contacted,Dormant Inactive
CUST01096,40,Male,Salaried,655065.75,Divorced,Primary,Lucknow,Tier2,Savings,235,48677.63,714,Home Loan,Active,16574.25,0,0.0,3,362.0,Other,Mass Salaried Regular
CUST01097,35,Male,Professional,540871.49,Married,Primary,Patna,Tier3,Current,42,68584.46,758,Home Loan,Active,4704.73,1,33.9,0,,Never Contacted,Mass Salaried Regular
CUST01098,64,Female,Retired,343633.07,Married,Secondary,Bengaluru,Tier1,Senior Citizen,109,225065.29,761,None,None,0.0,0,0.0,2,91.0,Failure,Retiree Conservative
CUST01099,37,Female,Salaried,290963.92,Single,Unknown,Ranchi,Tier3,Savings,49,26243.66,441,Home Loan,Active,2099.95,1,71.6,0,,Never Contacted,Credit Stressed
CUST01100,39,Male,Professional,581186.17,Single,Secondary,Chennai,Tier1,Savings,210,71935.45,698,Home Loan,Closed,0.0,1,24.6,1,350.0,Failure,Mass Salaried Regular
CUST01101,47,Female,Professional,2557231.64,Married,Tertiary,Jaipur,Tier2,Savings,19,319830.62,805,Auto Loan,Closed,0.0,1,12.1,0,,Never Contacted,Priority Affluent
CUST01102,34,Female,Professional,647338.09,Single,Tertiary,Chandigarh,Tier2,Savings,12,74829.7,661,None,None,0.0,0,0.0,0,,Never Contacted,Mass Salaried Regular
CUST01103,55,Male,Homemaker,226998.25,Married,Secondary,Ranchi,Tier3,Savings,135,92607.72,757,Personal Loan,Active,3320.1,0,0.0,0,,Never Contacted,Retiree Conservative
CUST01104,31,Male,Self-Employed,155746.44,Married,Secondary,Bengaluru,Tier1,Savings,114,1454.45,373,Home Loan,Active,1418.09,1,77.0,0,,Never Contacted,Credit Stressed
CUST01105,29,Male,Salaried,431556.88,Married,Secondary,Patna,Tier3,Savings,72,436627.6,737,Home Loan,Closed,0.0,0,0.0,3,355.0,Failure,Mass Salaried Regular
CUST01106,55,Male,Retired,187020.72,Married,Primary,Ranchi,Tier3,Savings,197,426569.15,812,None,None,0.0,0,0.0,0,,Never Contacted,Retiree Conservative
CUST01107,41,Female,Professional,2053036.58,Married,Tertiary,Bengaluru,Tier1,Current,23,497228.32,780,Home Loan,Active,42537.05,1,18.0,4,191.0,Failure,Priority Affluent
CUST01108,46,Female,Salaried,493446.19,Divorced,Secondary,Kochi,Tier2,Savings,150,101103.54,694,Home Loan,Active,11877.56,1,28.5,7,150.0,Failure,Mass Salaried Regular
CUST01109,58,Male,Business Owner,1240910.2,Married,Tertiary,Nagpur,Tier2,Salary,179,1148475.02,734,Home Loan,Closed,0.0,1,37.9,3,184.0,Failure,Business Growth
CUST01110,33,Male,Salaried,324550.45,Married,Secondary,Bhopal,Tier3,Salary,193,100162.53,725,Home Loan,Defaulted,0.0,0,0.0,0,,Never Contacted,Mass Salaried Regular
CUST01111,34,Male,Salaried,719967.8,Divorced,Secondary,Kochi,Tier2,Savings,37,68831.55,655,None,None,0.0,1,29.3,0,,Never Contacted,Mass Salaried Regular
CUST01112,32,Male,Salaried,336096.38,Married,Secondary,Pune,Tier1,Savings,27,23156.68,629,Home Loan,Active,7372.89,0,0.0,0,,Never Contacted,Young Digital
CUST01113,55,Female,Self-Employed,120000.0,Single,Primary,Chennai,Tier1,Salary,193,9285.73,660,Home Loan,Closed,0.0,0,0.0,0,,Never Contacted,Dormant Inactive
CUST01114,33,Male,Self-Employed,1426601.56,Single,Tertiary,Patna,Tier3,Salary,218,198244.06,791,Personal Loan,Active,38411.5,1,49.7,0,,Never Contacted,Business Growth
CUST01115,52,Female,Business Owner,767019.51,Married,Primary,Kolkata,Tier1,Current,25,620178.72,768,None,None,0.0,1,33.6,0,,Never Contacted,Business Growth
CUST01116,48,Male,Professional,1326369.01,Married,Tertiary,Jaipur,Tier2,Savings,75,389794.25,850,None,None,0.0,1,9.9,7,339.0,Failure,Priority Affluent
CUST01117,35,Female,Salaried,527746.4,Divorced,Secondary,Mumbai,Tier1,Current,136,37280.63,710,None,None,0.0,1,26.3,0,,Never Contacted,Mass Salaried Regular
CUST01118,60,Male,Retired,261895.02,Married,Secondary,Kolkata,Tier1,Senior Citizen,111,158987.43,774,Personal Loan,Active,7015.16,0,0.0,0,,Never Contacted,Retiree Conservative
CUST01119,50,Male,Salaried,435282.43,Married,Secondary,Ranchi,Tier3,Salary,161,113981.04,774,Personal Loan,Closed,0.0,0,0.0,0,,Never Contacted,Mass Salaried Regular
CUST01120,38,Female,Salaried,473406.58,Married,Tertiary,Kochi,Tier2,Salary,120,17308.28,380,None,None,0.0,0,0.0,0,,Never Contacted,Credit Stressed
CUST01121,43,Male,Salaried,501921.26,Married,Secondary,Ranchi,Tier3,Savings,27,1932.67,670,Home Loan,Closed,0.0,1,4.0,13,184.0,Failure,Dormant Inactive
CUST01122,53,Male,Professional,4189859.56,Married,Tertiary,Bhopal,Tier3,Salary,134,793556.2,773,Home Loan,Defaulted,0.0,1,15.8,0,,Never Contacted,Priority Affluent
CUST01123,35,Male,Salaried,180110.02,Married,Secondary,Patna,Tier3,Savings,13,7885.32,365,Personal Loan,Closed,0.0,0,0.0,0,,Never Contacted,Credit Stressed
CUST01124,47,Male,Salaried,545819.9,Married,Secondary,Chennai,Tier1,Current,80,16040.0,750,Home Loan,Active,3821.54,1,31.5,0,,Never Contacted,Mass Salaried Regular
CUST01125,21,Female,Self-Employed,195442.73,Single,Secondary,Nagpur,Tier2,Savings,193,10507.22,632,None,None,0.0,0,0.0,2,93.0,Success,Young Digital
CUST01126,25,Female,Student,250135.01,Single,Secondary,Jaipur,Tier2,Student,64,8098.08,712,Home Loan,Active,4364.65,0,0.0,0,,Never Contacted,Young Digital
CUST01127,20,Female,Self-Employed,546040.44,Single,Unknown,Kolkata,Tier1,Salary,28,48230.69,642,Home Loan,Active,8034.14,0,0.0,0,,Never Contacted,Young Digital
CUST01128,53,Female,Salaried,135655.78,Married,Secondary,Chennai,Tier1,Salary,197,11311.29,695,None,None,0.0,0,0.0,0,,Never Contacted,Dormant Inactive
CUST01129,42,Female,Self-Employed,159178.98,Married,Secondary,Chennai,Tier1,Savings,126,5527.04,677,Home Loan,Active,2139.6,1,6.0,0,,Never Contacted,Dormant Inactive
CUST01130,43,Female,Business Owner,476199.42,Married,Secondary,Kolkata,Tier1,Savings,216,219173.27,745,Personal Loan,Active,10383.18,0,0.0,0,,Never Contacted,Business Growth
CUST01131,40,Male,Business Owner,570991.05,Married,Secondary,Pune,Tier1,Savings,6,124657.81,726,None,None,0.0,0,0.0,0,,Never Contacted,Business Growth
CUST01132,37,Male,Salaried,516262.99,Divorced,Secondary,Delhi,Tier1,Salary,209,16478.14,641,Home Loan,Active,10072.14,0,0.0,0,,Never Contacted,Young Digital
CUST01133,38,Male,Business Owner,2153468.34,Married,Secondary,Indore,Tier2,Current,103,425373.97,801,None,None,0.0,1,10.8,0,,Never Contacted,Priority Affluent
CUST01134,77,Female,Retired,321894.91,Married,Unknown,Ranchi,Tier3,Senior Citizen,177,258806.29,800,None,None,0.0,0,0.0,2,182.0,Failure,Retiree Conservative
CUST01135,56,Female,Self-Employed,423136.91,Married,Secondary,Kolkata,Tier1,Current,233,232897.82,691,None,None,0.0,0,0.0,0,,Never Contacted,Business Growth
CUST01136,33,Female,Salaried,499296.44,Married,Tertiary,Coimbatore,Tier2,Salary,62,98383.73,745,None,None,0.0,1,34.1,0,,Never Contacted,Mass Salaried Regular
CUST01137,26,Female,Salaried,291777.66,Single,Secondary,Indore,Tier2,Savings,196,19547.73,666,None,None,0.0,0,0.0,1,94.0,Success,Young Digital
CUST01138,38,Male,Student,513098.65,Married,Secondary,Ranchi,Tier3,Student,229,15955.27,709,None,None,0.0,1,41.1,0,,Never Contacted,Young Digital
CUST01139,53,Female,Salaried,1686448.29,Married,Tertiary,Kochi,Tier2,Savings,164,2256580.94,810,Education Loan,Active,37369.63,1,12.7,0,,Never Contacted,Priority Affluent
CUST01140,32,Male,Homemaker,130170.69,Married,Primary,Patna,Tier3,Savings,53,4108.43,632,None,None,0.0,1,26.4,0,,Never Contacted,Dormant Inactive
CUST01141,39,Female,Salaried,263155.89,Single,Primary,Hyderabad,Tier1,Savings,73,128004.6,743,Home Loan,Active,5454.16,0,0.0,0,,Never Contacted,Mass Salaried Regular
CUST01142,58,Female,Retired,308722.97,Married,Tertiary,Chandigarh,Tier2,Salary,177,288678.29,789,None,None,0.0,0,0.0,0,,Never Contacted,Retiree Conservative
CUST01143,21,Male,Salaried,404209.66,Married,Secondary,Mumbai,Tier1,Salary,34,17701.65,459,Home Loan,Closed,0.0,1,72.3,0,,Never Contacted,Credit Stressed
CUST01144,46,Female,Salaried,471695.54,Married,Primary,Mumbai,Tier1,Current,128,9129.5,408,Home Loan,Active,12742.25,1,69.4,1,365.0,Other,Credit Stressed
CUST01145,39,Female,Salaried,519734.82,Married,Secondary,Hyderabad,Tier1,Savings,58,27839.94,731,Home Loan,Closed,0.0,1,21.0,2,352.0,Failure,Mass Salaried Regular
CUST01146,52,Male,Salaried,385983.71,Married,Secondary,Kochi,Tier2,Savings,211,77938.06,692,Home Loan,Active,3968.76,1,28.0,0,,Never Contacted,Mass Salaried Regular
CUST01147,48,Female,Retired,360833.69,Single,Primary,Ahmedabad,Tier2,Savings,219,165761.29,805,Personal Loan,Active,3221.4,0,0.0,0,,Never Contacted,Retiree Conservative
CUST01148,67,Male,Homemaker,326217.84,Single,Tertiary,Hyderabad,Tier1,Senior Citizen,159,331801.52,719,None,None,0.0,0,0.0,0,,Never Contacted,Retiree Conservative
CUST01149,33,Male,Student,825219.54,Married,Secondary,Kochi,Tier2,Student,105,9355.54,617,Home Loan,Closed,0.0,0,0.0,0,,Never Contacted,Young Digital
CUST01150,29,Female,Self-Employed,1132129.87,Single,Secondary,Hyderabad,Tier1,Savings,61,6779.24,436,Home Loan,Active,28877.8,0,0.0,0,,Never Contacted,Credit Stressed
CUST01151,32,Male,Salaried,747660.01,Married,Secondary,Ranchi,Tier3,Savings,159,169636.61,753,Education Loan,Active,13937.91,0,0.0,0,,Never Contacted,Mass Salaried Regular
CUST01152,41,Male,Self-Employed,425280.44,Divorced,Secondary,Bengaluru,Tier1,Savings,120,3252.98,446,Home Loan,Active,3442.83,0,0.0,0,,Never Contacted,Credit Stressed
CUST01153,49,Other,Business Owner,2307646.72,Married,Tertiary,Jaipur,Tier2,Savings,123,802809.6,822,Home Loan,Closed,0.0,1,13.6,0,,Never Contacted,Priority Affluent
CUST01154,34,Female,Salaried,447354.43,Single,Tertiary,Kolkata,Tier1,Savings,238,68013.79,708,None,None,0.0,1,35.8,0,,Never Contacted,Mass Salaried Regular
CUST01155,55,Female,Student,224068.29,Divorced,Tertiary,Pune,Tier1,Student,214,29543.11,642,None,None,0.0,0,0.0,0,,Never Contacted,Young Digital
CUST01156,37,Male,Professional,1353090.35,Married,Tertiary,Chandigarh,Tier2,Savings,173,380030.09,869,Home Loan,Active,33598.26,1,15.2,0,,Never Contacted,Priority Affluent
CUST01157,30,Female,Salaried,4483357.76,Married,Unknown,Jaipur,Tier2,Savings,187,883129.96,813,None,None,0.0,1,11.6,0,,Never Contacted,Priority Affluent
CUST01158,36,Female,Professional,1331239.64,Married,Secondary,Kochi,Tier2,Savings,27,877439.31,787,Personal Loan,Active,30871.22,1,9.8,0,,Never Contacted,Priority Affluent
CUST01159,51,Male,Self-Employed,525752.09,Married,Secondary,Ahmedabad,Tier2,Savings,28,20135.2,602,Home Loan,Closed,0.0,1,26.7,0,,Never Contacted,Young Digital
CUST01160,57,Female,Retired,192939.37,Married,Primary,Bengaluru,Tier1,Savings,169,292192.74,767,None,None,0.0,0,0.0,0,,Never Contacted,Retiree Conservative
CUST01161,33,Male,Salaried,3054562.43,Single,Tertiary,Indore,Tier2,Savings,95,298971.92,749,Education Loan,Defaulted,0.0,1,13.5,0,,Never Contacted,Priority Affluent
CUST01162,55,Male,Retired,337124.66,Married,Primary,Ahmedabad,Tier2,Current,117,3111.29,696,None,None,0.0,1,22.4,0,,Never Contacted,Dormant Inactive
CUST01163,36,Male,Salaried,229618.56,Single,Secondary,Kochi,Tier2,Savings,11,5642.89,392,Home Loan,Closed,0.0,0,0.0,0,,Never Contacted,Credit Stressed
CUST01164,34,Female,Salaried,539445.48,Married,Secondary,Mumbai,Tier1,Savings,209,51773.62,719,None,None,0.0,0,0.0,0,,Never Contacted,Mass Salaried Regular
CUST01165,31,Female,Salaried,497786.12,Divorced,Primary,Delhi,Tier1,Salary,78,57070.2,684,Home Loan,Active,10240.24,0,0.0,0,,Never Contacted,Mass Salaried Regular
CUST01166,44,Female,Salaried,277667.42,Married,Secondary,Kochi,Tier2,Current,133,4674.92,330,Home Loan,Defaulted,0.0,1,72.3,0,,Never Contacted,Credit Stressed
CUST01167,33,Female,Salaried,238607.81,Married,Secondary,Ahmedabad,Tier2,Savings,60,1675.69,448,Home Loan,Active,2915.37,0,0.0,0,,Never Contacted,Credit Stressed
CUST01168,21,Female,Salaried,378005.36,Single,Secondary,Chennai,Tier1,Salary,65,12994.44,646,Home Loan,Active,3579.62,0,0.0,0,,Never Contacted,Young Digital
CUST01169,70,Female,Homemaker,387719.0,Married,Secondary,Chandigarh,Tier2,Senior Citizen,84,358173.35,754,None,None,0.0,1,4.1,0,,Never Contacted,Retiree Conservative
CUST01170,55,Female,Business Owner,1302548.49,Married,Primary,Mumbai,Tier1,Salary,211,508734.93,820,None,None,0.0,1,14.4,0,,Never Contacted,Priority Affluent
CUST01171,46,Male,Salaried,446416.02,Married,Primary,Indore,Tier2,Current,233,126055.89,699,Personal Loan,Defaulted,0.0,1,29.1,0,,Never Contacted,Mass Salaried Regular
CUST01172,75,Female,Retired,350139.82,Divorced,Primary,Jaipur,Tier2,Senior Citizen,59,145277.72,798,None,None,0.0,0,0.0,0,,Never Contacted,Retiree Conservative
CUST01173,48,Female,Salaried,694637.53,Divorced,Secondary,Indore,Tier2,Salary,1,148696.91,762,None,None,0.0,0,0.0,0,,Never Contacted,Mass Salaried Regular
CUST01174,60,Female,Homemaker,252294.42,Married,Secondary,Chandigarh,Tier2,Senior Citizen,59,265786.41,765,Personal Loan,Active,6891.04,0,0.0,0,,Never Contacted,Retiree Conservative
CUST01175,37,Male,Self-Employed,381277.89,Married,Secondary,Hyderabad,Tier1,Savings,177,32573.16,627,None,None,0.0,0,0.0,0,,Never Contacted,Young Digital
CUST01176,63,Male,Retired,267670.91,Married,Tertiary,Kochi,Tier2,Senior Citizen,153,167781.29,726,Home Loan,Closed,0.0,0,0.0,0,,Never Contacted,Retiree Conservative
CUST01177,21,Other,Student,406003.31,Single,Secondary,Coimbatore,Tier2,Student,102,16326.15,677,Home Loan,Active,9713.26,0,0.0,0,,Never Contacted,Young Digital
CUST01178,42,Female,Salaried,701553.59,Married,Secondary,Indore,Tier2,Savings,84,55644.12,744,Home Loan,Active,5129.35,1,24.0,0,,Never Contacted,Mass Salaried Regular
CUST01179,32,Male,Salaried,392771.88,Single,Secondary,Chandigarh,Tier2,Salary,16,51284.98,693,Home Loan,Closed,0.0,0,0.0,0,,Never Contacted,Mass Salaried Regular
CUST01180,52,Male,Salaried,540099.35,Married,Secondary,Mumbai,Tier1,Salary,70,58612.44,703,Home Loan,Active,15137.88,1,26.3,0,,Never Contacted,Mass Salaried Regular
CUST01181,60,Male,Retired,301831.57,Married,Secondary,Hyderabad,Tier1,Senior Citizen,171,245505.0,791,Home Loan,Closed,0.0,0,0.0,0,,Never Contacted,Retiree Conservative
CUST01182,42,Female,Professional,1889558.62,Married,Tertiary,Lucknow,Tier2,Savings,9,197128.51,763,Home Loan,Closed,0.0,1,11.6,0,,Never Contacted,Priority Affluent
CUST01183,40,Female,Salaried,2014931.13,Married,Tertiary,Kochi,Tier2,Savings,109,247798.49,803,Home Loan,Active,22467.35,1,12.7,1,256.0,Success,Priority Affluent
CUST01184,47,Male,Salaried,921919.5,Married,Primary,Nagpur,Tier2,Savings,239,191507.31,729,None,None,0.0,1,31.5,0,,Never Contacted,Mass Salaried Regular
CUST01185,32,Female,Salaried,495019.08,Married,Secondary,Delhi,Tier1,Salary,213,39797.18,727,Home Loan,Active,10248.33,1,25.9,0,,Never Contacted,Mass Salaried Regular
CUST01186,33,Male,Salaried,266320.48,Divorced,Secondary,Chennai,Tier1,Current,220,11431.02,539,Home Loan,Active,7369.43,0,0.0,0,,Never Contacted,Credit Stressed
CUST01187,34,Male,Salaried,775551.61,Married,Secondary,Pune,Tier1,Salary,34,45787.97,683,None,None,0.0,1,25.5,0,,Never Contacted,Mass Salaried Regular
CUST01188,42,Male,Business Owner,677469.36,Married,Tertiary,Coimbatore,Tier2,Current,72,257035.37,752,Personal Loan,Active,13173.6,1,35.4,0,,Never Contacted,Business Growth
CUST01189,35,Male,Salaried,635440.53,Married,Secondary,Lucknow,Tier2,Current,170,60965.38,697,Personal Loan,Active,7651.85,1,33.2,0,,Never Contacted,Mass Salaried Regular
CUST01190,31,Male,Self-Employed,176917.05,Single,Tertiary,Patna,Tier3,Salary,156,1609.82,688,None,None,0.0,1,2.9,0,,Never Contacted,Dormant Inactive
CUST01191,40,Male,Salaried,330775.36,Married,Secondary,Mumbai,Tier1,Savings,133,13665.14,695,None,None,0.0,0,0.0,0,,Never Contacted,Young Digital
CUST01192,35,Male,Salaried,965608.79,Divorced,Secondary,Delhi,Tier1,Savings,125,36818.5,699,Education Loan,Closed,0.0,0,0.0,0,,Never Contacted,Mass Salaried Regular
CUST01193,69,Male,Salaried,517569.43,Married,Unknown,Patna,Tier3,Senior Citizen,42,130771.8,600,None,None,0.0,0,0.0,0,,Never Contacted,Credit Stressed
CUST01194,45,Male,Business Owner,640844.68,Married,Tertiary,Chennai,Tier1,Current,36,175995.19,775,None,None,0.0,0,0.0,0,,Never Contacted,Business Growth
CUST01195,35,Female,Salaried,371465.37,Married,Secondary,Kochi,Tier2,Savings,112,11790.25,460,Personal Loan,Active,4729.93,1,71.0,0,,Never Contacted,Credit Stressed
CUST01196,34,Male,Salaried,848042.04,Married,Secondary,Ahmedabad,Tier2,Savings,155,36818.5,712,Home Loan,Active,14594.76,0,0.0,2,91.0,Other,Mass Salaried Regular
CUST01197,50,Female,Professional,333658.24,Married,Primary,Indore,Tier2,Savings,119,121130.1,710,Home Loan,Active,4749.77,0,0.0,6,299.0,Other,Mass Salaried Regular
CUST01198,33,Female,Salaried,120000.0,Married,Primary,Chennai,Tier1,Current,105,14242.32,641,Home Loan,Active,1498.51,0,0.0,0,,Never Contacted,Dormant Inactive
CUST01199,33,Female,Salaried,855255.28,Single,Secondary,Kochi,Tier2,Salary,33,62054.7,634,Home Loan,Active,18698.79,1,30.0,1,326.0,Failure,Mass Salaried Regular
CUST01200,58,Other,Retired,367137.9,Single,Secondary,Delhi,Tier1,Savings,5,302466.22,763,Personal Loan,Active,5787.54,0,0.0,4,274.0,Failure,Retiree Conservative
CUST01201,26,Female,Salaried,338598.55,Single,Tertiary,Patna,Tier3,Savings,76,55993.24,643,None,None,0.0,0,0.0,0,,Never Contacted,Young Digital
CUST01202,36,Male,Salaried,285209.08,Married,Secondary,Kolkata,Tier1,Current,155,5099.56,666,Home Loan,Closed,0.0,1,39.8,0,,Never Contacted,Young Digital
CUST01203,48,Male,Salaried,364383.6,Married,Secondary,Chandigarh,Tier2,Savings,90,16998.37,517,Personal Loan,Closed,0.0,1,68.8,0,,Never Contacted,Credit Stressed
CUST01204,49,Female,Self-Employed,230233.98,Married,Primary,Ranchi,Tier3,Current,67,13272.44,571,None,None,0.0,0,0.0,0,,Never Contacted,Dormant Inactive
CUST01205,42,Male,Salaried,1765783.23,Married,Primary,Bengaluru,Tier1,Salary,183,426804.77,835,Personal Loan,Active,38819.37,1,10.3,0,,Never Contacted,Priority Affluent
CUST01206,27,Male,Salaried,5440485.01,Single,Secondary,Indore,Tier2,Savings,71,606965.46,791,Personal Loan,Closed,0.0,0,0.0,0,,Never Contacted,Priority Affluent
CUST01207,36,Male,Self-Employed,197446.0,Single,Secondary,Ranchi,Tier3,Savings,117,3275.5,630,None,None,0.0,0,0.0,0,,Never Contacted,Dormant Inactive
CUST01208,30,Male,Salaried,269142.37,Single,Tertiary,Mumbai,Tier1,Salary,31,16555.07,597,None,None,0.0,0,0.0,0,,Never Contacted,Young Digital
CUST01209,33,Female,Professional,423836.52,Married,Primary,Chennai,Tier1,Savings,213,104840.02,731,Home Loan,Active,3391.5,1,26.5,1,330.0,Failure,Mass Salaried Regular
CUST01210,60,Female,Salaried,509497.77,Married,Secondary,Chennai,Tier1,Senior Citizen,228,60026.79,711,None,None,0.0,1,27.0,0,,Never Contacted,Mass Salaried Regular
CUST01211,55,Female,Homemaker,153970.31,Divorced,Secondary,Chennai,Tier1,Salary,133,335646.42,764,None,None,0.0,1,7.8,1,264.0,Failure,Retiree Conservative
CUST01212,39,Other,Salaried,759554.05,Married,Secondary,Kochi,Tier2,Savings,238,13875.59,640,Home Loan,Active,18631.82,1,88.5,0,,Never Contacted,Credit Stressed
CUST01213,19,Female,Salaried,144084.61,Single,Unknown,Hyderabad,Tier1,Current,60,9935.86,587,None,None,0.0,0,0.0,2,182.0,Success,Young Digital
CUST01214,26,Male,Salaried,513927.03,Single,Secondary,Kochi,Tier2,Savings,201,28640.42,667,Home Loan,Active,10058.84,1,32.1,0,,Never Contacted,Mass Salaried Regular
CUST01215,38,Male,Salaried,280504.07,Single,Primary,Kochi,Tier2,Salary,237,76686.33,706,Home Loan,Active,3805.82,1,28.8,0,,Never Contacted,Mass Salaried Regular
CUST01216,46,Female,Salaried,350420.72,Divorced,Secondary,Indore,Tier2,Savings,51,12166.61,666,None,None,0.0,1,37.0,0,,Never Contacted,Young Digital
CUST01217,52,Female,Salaried,396608.5,Married,Primary,Chandigarh,Tier2,Salary,154,229679.51,726,None,None,0.0,1,32.2,0,,Never Contacted,Mass Salaried Regular
CUST01218,38,Male,Student,257634.4,Divorced,Tertiary,Ahmedabad,Tier2,Student,236,39117.02,634,None,None,0.0,0,0.0,0,,Never Contacted,Young Digital
CUST01219,33,Female,Salaried,207494.71,Single,Primary,Bhopal,Tier3,Savings,54,7961.67,621,Home Loan,Active,5329.63,0,0.0,0,,Never Contacted,Dormant Inactive
CUST01220,29,Male,Salaried,872079.64,Single,Tertiary,Bhopal,Tier3,Salary,151,554109.8,808,Personal Loan,Active,22596.97,1,10.5,0,,Never Contacted,Priority Affluent
CUST01221,52,Female,Business Owner,2657544.46,Married,Secondary,Bengaluru,Tier1,Savings,188,319830.62,804,Personal Loan,Active,18117.8,1,7.2,0,,Never Contacted,Priority Affluent
CUST01222,28,Male,Salaried,622435.76,Married,Secondary,Kochi,Tier2,Salary,135,280280.15,748,Home Loan,Active,10185.23,1,42.8,0,,Never Contacted,Mass Salaried Regular
CUST01223,41,Female,Self-Employed,459974.63,Married,Secondary,Hyderabad,Tier1,Salary,70,4325.49,637,Home Loan,Active,11203.03,1,82.3,0,,Never Contacted,Credit Stressed
CUST01224,42,Female,Retired,361722.24,Married,Secondary,Kolkata,Tier1,Salary,126,670.83,750,Personal Loan,Active,10182.32,0,0.0,0,,Never Contacted,Dormant Inactive
CUST01225,37,Female,Professional,556083.94,Single,Secondary,Bengaluru,Tier1,Salary,196,36818.5,714,None,None,0.0,0,0.0,0,,Never Contacted,Mass Salaried Regular
CUST01226,32,Male,Self-Employed,439427.54,Single,Secondary,Bhopal,Tier3,Savings,230,79724.25,376,Home Loan,Active,10798.74,1,73.8,0,,Never Contacted,Credit Stressed
CUST01227,38,Female,Salaried,162210.66,Married,Tertiary,Jaipur,Tier2,Current,19,18856.38,601,Home Loan,Active,2311.54,0,0.0,3,326.0,Failure,Young Digital
CUST01228,30,Male,Salaried,329778.24,Single,Secondary,Ranchi,Tier3,Savings,111,60283.77,672,Home Loan,Active,4242.25,0,0.0,0,,Never Contacted,Young Digital
CUST01229,49,Female,Business Owner,1617780.01,Married,Secondary,Hyderabad,Tier1,Savings,38,74229.73,714,Personal Loan,Active,42684.39,0,0.0,0,,Never Contacted,Business Growth
CUST01230,39,Female,Business Owner,1341439.62,Married,Primary,Ahmedabad,Tier2,Salary,94,628776.49,883,Home Loan,Closed,0.0,1,16.1,0,,Never Contacted,Priority Affluent
CUST01231,50,Male,Professional,424047.91,Married,Primary,Indore,Tier2,Savings,156,72109.11,706,Home Loan,Active,9270.9,0,0.0,0,,Never Contacted,Mass Salaried Regular
CUST01232,46,Female,Homemaker,221657.96,Single,Primary,Patna,Tier3,Salary,205,2322.33,693,None,None,0.0,0,0.0,0,,Never Contacted,Dormant Inactive
CUST01233,35,Female,Salaried,921620.84,Single,Secondary,Coimbatore,Tier2,Salary,36,22322.83,740,Home Loan,Active,16344.92,0,0.0,0,,Never Contacted,Mass Salaried Regular
CUST01234,53,Female,Salaried,286718.07,Married,Secondary,Pune,Tier1,Savings,147,7140.35,626,Personal Loan,Active,4126.47,1,13.7,0,,Never Contacted,Dormant Inactive
CUST01235,52,Female,Salaried,287819.69,Divorced,Secondary,Coimbatore,Tier2,Savings,41,122170.34,752,Home Loan,Active,4761.9,1,23.9,0,,Never Contacted,Mass Salaried Regular
CUST01236,35,Male,Professional,1607947.9,Married,Tertiary,Chandigarh,Tier2,Salary,12,838891.7,866,Personal Loan,Active,42380.8,1,11.2,0,,Never Contacted,Priority Affluent
CUST01237,40,Male,Salaried,597250.94,Married,Secondary,Patna,Tier3,Savings,40,47056.52,688,Personal Loan,Active,13239.82,1,28.4,0,,Never Contacted,Mass Salaried Regular
CUST01238,32,Female,Salaried,235577.21,Married,Secondary,Delhi,Tier1,Current,97,8216.78,672,Home Loan,Active,2920.77,1,20.9,0,,Never Contacted,Young Digital
CUST01239,31,Female,Salaried,501032.19,Single,Secondary,Mumbai,Tier1,Savings,59,88082.31,681,None,None,0.0,0,0.0,0,,Never Contacted,Mass Salaried Regular
CUST01240,28,Female,Salaried,359256.44,Single,Secondary,Hyderabad,Tier1,Savings,95,71610.47,708,Home Loan,Closed,0.0,0,0.0,0,,Never Contacted,Mass Salaried Regular
CUST01241,30,Female,Salaried,482612.06,Married,Secondary,Patna,Tier3,Savings,161,6664.8,600,Education Loan,Active,6321.47,1,74.9,0,,Never Contacted,Credit Stressed
CUST01242,36,Male,Salaried,385668.71,Single,Secondary,Bengaluru,Tier1,Savings,36,97348.82,722,Personal Loan,Defaulted,0.0,0,0.0,0,,Never Contacted,Mass Salaried Regular
CUST01243,53,Male,Salaried,522399.03,Divorced,Secondary,Coimbatore,Tier2,Savings,207,23552.97,750,Home Loan,Closed,0.0,1,21.7,0,,Never Contacted,Mass Salaried Regular
CUST01244,31,Male,Salaried,2210983.77,Single,Tertiary,Bhopal,Tier3,Savings,34,614660.84,834,Home Loan,Active,55428.86,1,14.3,4,319.0,Failure,Priority Affluent
CUST01245,53,Male,Salaried,401994.68,Married,Primary,Mumbai,Tier1,Salary,148,85385.4,734,Home Loan,Closed,0.0,1,26.3,0,,Never Contacted,Mass Salaried Regular
CUST01246,45,Female,Salaried,674507.43,Married,Primary,Mumbai,Tier1,Salary,55,28631.19,686,Home Loan,Defaulted,0.0,0,0.0,0,,Never Contacted,Mass Salaried Regular
CUST01247,31,Male,Homemaker,260550.92,Married,Secondary,Hyderabad,Tier1,Salary,185,3065.65,691,Home Loan,Active,6929.68,0,0.0,0,,Never Contacted,Dormant Inactive
CUST01248,50,Male,Salaried,557932.59,Married,Secondary,Chennai,Tier1,Salary,130,30427.06,722,Auto Loan,Active,4235.68,0,0.0,0,,Never Contacted,Mass Salaried Regular
CUST01249,56,Female,Salaried,473403.84,Divorced,Primary,Ranchi,Tier3,Savings,103,16035.86,594,Education Loan,Active,9198.92,0,0.0,0,,Never Contacted,Credit Stressed
CUST01250,38,Female,Business Owner,1253725.68,Married,Tertiary,Kochi,Tier2,Salary,65,301152.64,739,None,None,0.0,1,44.4,0,,Never Contacted,Business Growth
CUST01251,43,Female,Business Owner,1673544.65,Married,Tertiary,Mumbai,Tier1,Savings,154,1414217.2,815,Personal Loan,Defaulted,0.0,1,15.9,0,,Never Contacted,Priority Affluent
CUST01252,36,Female,Salaried,1788721.71,Married,Secondary,Ahmedabad,Tier2,Savings,11,502110.9,820,Home Loan,Closed,0.0,1,15.4,0,,Never Contacted,Priority Affluent
CUST01253,52,Female,Professional,2463934.79,Married,Secondary,Delhi,Tier1,Salary,36,259572.55,777,Personal Loan,Closed,0.0,1,11.3,0,,Never Contacted,Priority Affluent
CUST01254,34,Male,Homemaker,279529.5,Single,Tertiary,Ranchi,Tier3,Savings,67,6487.7,571,None,None,0.0,0,0.0,0,,Never Contacted,Dormant Inactive
CUST01255,27,Male,Professional,782997.45,Single,Secondary,Kochi,Tier2,Current,35,134179.93,713,Home Loan,Active,10437.53,1,35.8,0,,Never Contacted,Mass Salaried Regular
CUST01256,43,Male,Salaried,467371.32,Married,Secondary,Patna,Tier3,Salary,17,24379.69,431,Home Loan,Closed,0.0,1,73.0,0,,Never Contacted,Credit Stressed
CUST01257,53,Female,Retired,402372.27,Single,Primary,Hyderabad,Tier1,Salary,31,124490.09,788,None,None,0.0,0,0.0,0,,Never Contacted,Retiree Conservative
CUST01258,82,Female,Retired,232615.75,Married,Primary,Coimbatore,Tier2,Senior Citizen,233,164407.47,782,None,None,0.0,0,0.0,0,,Never Contacted,Retiree Conservative
CUST01259,53,Female,Salaried,467368.52,Single,Tertiary,Bhopal,Tier3,Savings,105,9215.3,694,None,None,0.0,0,0.0,0,,Never Contacted,Young Digital
CUST01260,31,Male,Business Owner,1788323.05,Married,Tertiary,Indore,Tier2,Savings,232,184051.0,751,Home Loan,Active,51648.19,1,41.9,0,,Never Contacted,Business Growth
CUST01261,30,Male,Professional,2683334.49,Single,Tertiary,Kochi,Tier2,Salary,25,584404.29,835,None,None,0.0,1,7.3,2,91.0,Success,Priority Affluent
CUST01262,28,Female,Salaried,832946.69,Single,Secondary,Mumbai,Tier1,Savings,90,115022.04,759,Home Loan,Active,17338.05,1,36.9,0,,Never Contacted,Mass Salaried Regular
CUST01263,28,Female,Salaried,786390.4,Married,Secondary,Bengaluru,Tier1,Salary,103,43793.22,736,Home Loan,Active,9313.39,0,0.0,3,256.0,Other,Mass Salaried Regular
CUST01264,40,Female,Business Owner,455025.63,Married,Tertiary,Kolkata,Tier1,Savings,62,487805.77,758,None,None,0.0,0,0.0,0,,Never Contacted,Business Growth
CUST01265,31,Male,Retired,220637.85,Married,Secondary,Bhopal,Tier3,Savings,19,9052.85,699,Personal Loan,Active,2148.04,0,0.0,6,148.0,Failure,Dormant Inactive
CUST01266,64,Male,Retired,372050.29,Married,Primary,Chandigarh,Tier2,Senior Citizen,38,153241.4,736,None,None,0.0,0,0.0,1,92.0,Success,Retiree Conservative
CUST01267,37,Male,Salaried,395903.9,Married,Secondary,Lucknow,Tier2,Salary,37,51773.62,706,Auto Loan,Active,9549.26,0,0.0,2,99.0,Success,Mass Salaried Regular
CUST01268,54,Male,Business Owner,2686593.49,Divorced,Tertiary,Ranchi,Tier3,Salary,228,278412.19,788,None,None,0.0,1,59.5,3,140.0,Success,Business Growth
CUST01269,22,Female,Student,438345.59,Single,Secondary,Lucknow,Tier2,Student,84,35800.17,614,Home Loan,Active,8020.43,1,18.1,0,,Never Contacted,Young Digital
CUST01270,34,Male,Student,472938.4,Single,Secondary,Coimbatore,Tier2,Student,182,5393.4,677,Home Loan,Active,6961.47,0,0.0,0,,Never Contacted,Young Digital
CUST01271,35,Other,Business Owner,2175665.45,Married,Secondary,Bhopal,Tier3,Savings,15,607659.63,780,None,None,0.0,0,0.0,0,,Never Contacted,Business Growth
CUST01272,34,Male,Salaried,941010.89,Single,Secondary,Hyderabad,Tier1,Current,26,56422.43,729,None,None,0.0,0,0.0,0,,Never Contacted,Mass Salaried Regular
CUST01273,31,Male,Salaried,438012.17,Single,Secondary,Jaipur,Tier2,Savings,227,90820.96,729,Home Loan,Active,12100.98,0,0.0,0,,Never Contacted,Mass Salaried Regular
CUST01274,43,Male,Homemaker,306998.05,Married,Primary,Patna,Tier3,Savings,31,9031.97,652,Personal Loan,Active,8914.44,0,0.0,0,,Never Contacted,Dormant Inactive
CUST01275,26,Male,Salaried,458053.72,Single,Tertiary,Kolkata,Tier1,Savings,67,145330.91,723,Home Loan,Active,12113.22,0,0.0,0,,Never Contacted,Mass Salaried Regular
CUST01276,41,Female,Professional,961418.53,Married,Secondary,Ranchi,Tier3,Savings,177,244118.7,729,Home Loan,Active,25671.97,0,0.0,0,,Never Contacted,Mass Salaried Regular
CUST01277,34,Female,Salaried,331736.76,Married,Tertiary,Pune,Tier1,Salary,173,124237.2,701,Home Loan,Active,8509.5,1,33.7,2,521.0,Failure,Mass Salaried Regular
CUST01278,42,Male,Professional,2170844.39,Married,Primary,Chennai,Tier1,Current,222,660147.48,815,Home Loan,Active,32797.31,1,13.0,0,,Never Contacted,Priority Affluent
CUST01279,30,Male,Salaried,470145.71,Single,Secondary,Chandigarh,Tier2,Savings,132,8806.19,585,Personal Loan,Active,12439.71,0,0.0,0,,Never Contacted,Credit Stressed
CUST01280,36,Male,Retired,174169.88,Single,Primary,Chennai,Tier1,Salary,4,13107.19,610,None,None,0.0,0,0.0,0,,Never Contacted,Dormant Inactive
CUST01281,46,Female,Salaried,700938.72,Divorced,Primary,Nagpur,Tier2,Salary,26,74972.35,775,Home Loan,Active,18870.34,1,26.7,2,369.0,Success,Mass Salaried Regular
CUST01282,38,Female,Professional,646816.81,Married,Secondary,Indore,Tier2,Savings,154,38836.45,705,None,None,0.0,0,0.0,0,,Never Contacted,Mass Salaried Regular
CUST01283,54,Female,Salaried,493812.31,Married,Secondary,Bhopal,Tier3,Salary,9,24804.75,636,Home Loan,Active,10094.93,1,18.8,0,,Never Contacted,Young Digital
CUST01284,60,Male,Retired,245539.81,Married,Secondary,Mumbai,Tier1,Senior Citizen,14,2562.06,637,None,None,0.0,0,0.0,0,,Never Contacted,Dormant Inactive
CUST01285,27,Male,Business Owner,1298249.8,Married,Secondary,Chandigarh,Tier2,Salary,23,174427.33,731,Home Loan,Active,17883.51,1,40.9,0,,Never Contacted,Business Growth
CUST01286,47,Male,Business Owner,1187135.18,Married,Tertiary,Jaipur,Tier2,Savings,176,448322.14,782,None,None,0.0,0,0.0,0,,Never Contacted,Business Growth
CUST01287,27,Male,Salaried,819592.31,Single,Secondary,Pune,Tier1,Savings,26,76305.43,696,Personal Loan,Active,10459.04,0,0.0,0,,Never Contacted,Mass Salaried Regular
CUST01288,42,Female,Salaried,599465.8,Single,Secondary,Coimbatore,Tier2,Savings,233,26630.09,684,Personal Loan,Active,11351.76,1,37.2,2,28.0,Success,Mass Salaried Regular
CUST01289,33,Female,Salaried,212913.36,Married,Tertiary,Indore,Tier2,Current,158,17534.63,636,Home Loan,Active,3345.01,1,29.4,0,,Never Contacted,Young Digital
CUST01290,38,Female,Student,431872.75,Divorced,Secondary,Ahmedabad,Tier2,Student,177,13363.59,644,Home Loan,Active,7830.79,1,18.2,0,,Never Contacted,Young Digital
CUST01291,33,Male,Student,313294.71,Married,Secondary,Chandigarh,Tier2,Student,82,9215.3,648,Home Loan,Active,7627.9,1,19.8,0,,Never Contacted,Young Digital
CUST01292,51,Female,Salaried,243268.08,Married,Unknown,Hyderabad,Tier1,Savings,90,3166.58,706,None,None,0.0,0,0.0,0,,Never Contacted,Dormant Inactive
CUST01293,52,Female,Salaried,442815.95,Married,Tertiary,Kolkata,Tier1,Salary,88,32740.7,632,None,None,0.0,1,28.1,1,89.0,Failure,Young Digital
CUST01294,34,Male,Salaried,422290.01,Married,Primary,Chandigarh,Tier2,Salary,84,71708.89,687,Home Loan,Active,6505.97,1,38.6,0,,Never Contacted,Mass Salaried Regular
CUST01295,28,Male,Salaried,454533.11,Single,Tertiary,Indore,Tier2,Salary,23,71123.66,650,None,None,0.0,1,27.1,0,,Never Contacted,Mass Salaried Regular
CUST01296,44,Female,Salaried,507654.04,Married,Secondary,Kochi,Tier2,Current,204,135410.45,698,Home Loan,Active,14573.31,1,43.2,3,322.0,Failure,Mass Salaried Regular
CUST01297,44,Male,Professional,722799.52,Married,Secondary,Chennai,Tier1,Current,117,883724.44,812,None,None,0.0,1,16.6,0,,Never Contacted,Priority Affluent
CUST01298,57,Male,Salaried,651424.73,Divorced,Secondary,Lucknow,Tier2,Savings,122,95752.56,698,Home Loan,Active,4859.12,1,27.0,0,,Never Contacted,Mass Salaried Regular
CUST01299,72,Female,Retired,143871.56,Married,Secondary,Kolkata,Tier1,Senior Citizen,178,441170.38,800,None,None,0.0,0,0.0,0,,Never Contacted,Retiree Conservative
CUST01300,29,Female,Professional,457470.19,Single,Tertiary,Ahmedabad,Tier2,Current,208,64224.98,685,None,None,0.0,0,0.0,0,,Never Contacted,Mass Salaried Regular
CUST01301,35,Male,Professional,610069.28,Single,Primary,Chennai,Tier1,Savings,9,135262.57,708,None,None,0.0,1,25.0,4,157.0,Failure,Mass Salaried Regular
CUST01302,35,Female,Salaried,133926.9,Married,Secondary,Delhi,Tier1,Current,119,8098.08,665,None,None,0.0,1,41.7,0,,Never Contacted,Young Digital
CUST01303,61,Male,Retired,244008.16,Married,Primary,Kolkata,Tier1,Senior Citizen,124,124490.09,746,Home Loan,Active,3085.94,0,0.0,0,,Never Contacted,Retiree Conservative
CUST01304,38,Female,Salaried,569220.66,Single,Secondary,Bhopal,Tier3,Salary,85,70004.1,703,None,None,0.0,0,0.0,0,,Never Contacted,Mass Salaried Regular
CUST01305,46,Male,Self-Employed,476425.89,Married,Secondary,Kolkata,Tier1,Savings,83,4701.36,554,Personal Loan,Active,8418.31,0,0.0,0,,Never Contacted,Credit Stressed
CUST01306,31,Female,Business Owner,1066069.34,Single,Tertiary,Kochi,Tier2,Salary,83,508473.63,731,Home Loan,Closed,0.0,1,35.0,0,,Never Contacted,Business Growth
CUST01307,43,Female,Homemaker,347067.04,Married,Unknown,Jaipur,Tier2,Current,200,7177.51,602,Home Loan,Active,5143.48,0,0.0,11,288.0,Failure,Dormant Inactive
CUST01308,49,Male,Salaried,120000.0,Married,Secondary,Indore,Tier2,Savings,60,14560.15,740,None,None,0.0,0,0.0,2,202.0,Failure,Dormant Inactive
CUST01309,35,Male,Professional,702806.65,Married,Tertiary,Kochi,Tier2,Savings,136,487855.39,867,Home Loan,Active,7525.02,1,12.4,0,,Never Contacted,Priority Affluent
CUST01310,35,Female,Business Owner,2773764.77,Married,Tertiary,Nagpur,Tier2,Savings,112,587066.13,740,None,None,0.0,0,0.0,0,,Never Contacted,Business Growth
CUST01311,27,Male,Salaried,551468.29,Married,Primary,Bhopal,Tier3,Savings,96,63060.54,730,Home Loan,Active,7767.95,1,24.7,0,,Never Contacted,Mass Salaried Regular
CUST01312,41,Male,Self-Employed,1286377.66,Single,Secondary,Chandigarh,Tier2,Current,51,423590.95,676,Home Loan,Active,14712.76,0,0.0,0,,Never Contacted,Business Growth
CUST01313,37,Female,Salaried,179163.24,Married,Secondary,Ranchi,Tier3,Savings,118,4124.03,712,None,None,0.0,1,20.6,0,,Never Contacted,Dormant Inactive
CUST01314,59,Male,Professional,2892825.58,Married,Tertiary,Pune,Tier1,Salary,149,1176120.73,748,Personal Loan,Active,84343.26,1,12.8,0,,Never Contacted,Priority Affluent
CUST01315,45,Male,Professional,3209953.89,Married,Tertiary,Jaipur,Tier2,Current,61,1000273.93,842,Home Loan,Active,69451.85,1,13.0,0,,Never Contacted,Priority Affluent
CUST01316,35,Female,Homemaker,120000.0,Single,Secondary,Ahmedabad,Tier2,Savings,77,7032.9,645,Home Loan,Active,3041.67,1,11.5,0,,Never Contacted,Dormant Inactive
CUST01317,54,Female,Student,216394.92,Married,Secondary,Kochi,Tier2,Student,37,49295.91,692,Personal Loan,Active,4015.77,0,0.0,1,116.0,Other,Young Digital
CUST01318,50,Male,Professional,2420192.87,Married,Secondary,Kolkata,Tier1,Salary,57,940915.02,753,Personal Loan,Active,64028.05,1,13.4,3,244.0,Failure,Priority Affluent
CUST01319,60,Female,Retired,277047.28,Married,Primary,Chennai,Tier1,Senior Citizen,173,155623.45,787,Home Loan,Active,2479.81,1,6.9,0,,Never Contacted,Retiree Conservative
CUST01320,59,Female,Salaried,384414.8,Single,Unknown,Hyderabad,Tier1,Savings,117,8216.1,508,None,None,0.0,1,76.3,0,,Never Contacted,Credit Stressed
CUST01321,35,Female,Salaried,258226.54,Single,Tertiary,Patna,Tier3,Savings,197,13075.76,632,None,None,0.0,1,27.1,0,,Never Contacted,Young Digital
CUST01322,43,Male,Self-Employed,382821.52,Married,Secondary,Nagpur,Tier2,Savings,198,17562.59,652,Home Loan,Active,5563.63,1,30.2,0,,Never Contacted,Young Digital
CUST01323,45,Female,Business Owner,2342561.08,Single,Tertiary,Pune,Tier1,Savings,83,921429.99,780,None,None,0.0,1,8.5,0,,Never Contacted,Priority Affluent
CUST01324,60,Female,Retired,690090.18,Married,Primary,Bengaluru,Tier1,Senior Citizen,3,171425.33,747,None,None,0.0,0,0.0,0,,Never Contacted,Retiree Conservative
CUST01325,36,Female,Professional,372488.57,Divorced,Secondary,Nagpur,Tier2,Savings,181,37280.63,747,None,None,0.0,0,0.0,0,,Never Contacted,Mass Salaried Regular
CUST01326,49,Female,Salaried,364408.45,Married,Secondary,Hyderabad,Tier1,Salary,223,5309.3,512,None,None,0.0,0,0.0,0,,Never Contacted,Credit Stressed
CUST01327,52,Male,Salaried,532363.84,Married,Secondary,Bengaluru,Tier1,Salary,150,50513.45,698,None,None,0.0,0,0.0,0,,Never Contacted,Mass Salaried Regular
CUST01328,26,Male,Self-Employed,264115.51,Married,Secondary,Jaipur,Tier2,Salary,132,33060.24,652,None,None,0.0,1,22.5,1,105.0,Failure,Young Digital
CUST01329,26,Male,Salaried,504071.59,Single,Tertiary,Kolkata,Tier1,Current,20,159011.56,666,None,None,0.0,1,22.2,0,,Never Contacted,Mass Salaried Regular
CUST01330,33,Male,Salaried,592920.48,Single,Secondary,Chandigarh,Tier2,Salary,29,66120.83,745,Home Loan,Active,4842.71,0,0.0,0,,Never Contacted,Mass Salaried Regular
CUST01331,60,Female,Retired,277143.19,Married,Tertiary,Ahmedabad,Tier2,Senior Citizen,144,181252.64,802,None,None,0.0,0,0.0,0,,Never Contacted,Retiree Conservative
CUST01332,59,Male,Student,372553.38,Married,Secondary,Coimbatore,Tier2,Student,180,8098.08,692,None,None,0.0,0,0.0,0,,Never Contacted,Young Digital
CUST01333,21,Female,Student,125104.27,Single,Unknown,Mumbai,Tier1,Student,156,15111.88,689,None,None,0.0,0,0.0,2,364.0,Failure,Young Digital
CUST01334,30,Male,Business Owner,1547773.87,Single,Secondary,Patna,Tier3,Current,130,41473.44,770,Personal Loan,Active,44803.34,1,31.4,0,,Never Contacted,Business Growth
CUST01335,45,Female,Business Owner,514551.23,Divorced,Tertiary,Kochi,Tier2,Savings,48,384266.02,772,Home Loan,Active,9397.28,0,0.0,0,,Never Contacted,Business Growth
CUST01336,31,Female,Salaried,417418.4,Single,Secondary,Indore,Tier2,Savings,37,44999.98,404,None,None,0.0,1,71.4,1,183.0,Failure,Credit Stressed
CUST01337,40,Male,Salaried,596206.3,Married,Primary,Ranchi,Tier3,Savings,187,83617.64,716,Home Loan,Active,8590.31,1,37.7,0,,Never Contacted,Mass Salaried Regular
CUST01338,59,Male,Retired,158683.71,Married,Primary,Ahmedabad,Tier2,Savings,139,1886.91,663,None,None,0.0,0,0.0,0,,Never Contacted,Dormant Inactive
CUST01339,46,Female,Self-Employed,518642.71,Divorced,Primary,Bhopal,Tier3,Savings,25,6294.38,398,Home Loan,Active,5054.57,1,72.1,0,,Never Contacted,Credit Stressed
CUST01340,29,Female,Salaried,518812.76,Married,Secondary,Lucknow,Tier2,Salary,20,78625.51,687,Home Loan,Active,5581.43,1,34.7,0,,Never Contacted,Mass Salaried Regular
CUST01341,36,Female,Business Owner,2631607.27,Single,Secondary,Hyderabad,Tier1,Savings,131,638228.26,841,None,None,0.0,1,22.8,0,,Never Contacted,Priority Affluent
CUST01342,81,Male,Retired,242206.78,Divorced,Unknown,Nagpur,Tier2,Senior Citizen,73,627844.69,817,None,None,0.0,0,0.0,0,,Never Contacted,Retiree Conservative
CUST01343,23,Other,Student,309489.12,Single,Secondary,Pune,Tier1,Student,69,23231.78,709,None,None,0.0,0,0.0,8,85.0,Failure,Young Digital
CUST01344,26,Female,Self-Employed,303864.28,Single,Secondary,Kochi,Tier2,Savings,220,12308.26,678,None,None,0.0,0,0.0,1,196.0,Failure,Young Digital
CUST01345,38,Male,Business Owner,1309422.49,Divorced,Tertiary,Mumbai,Tier1,Savings,200,559331.46,785,None,None,0.0,1,37.9,0,,Never Contacted,Business Growth
CUST01346,60,Male,Salaried,360112.26,Married,Secondary,Jaipur,Tier2,Senior Citizen,16,6596.79,589,Personal Loan,Closed,0.0,0,0.0,0,,Never Contacted,Dormant Inactive
CUST01347,35,Male,Salaried,385453.79,Married,Secondary,Mumbai,Tier1,Savings,201,15774.55,667,None,None,0.0,0,0.0,0,,Never Contacted,Young Digital
CUST01348,32,Female,Professional,648786.65,Married,Secondary,Kolkata,Tier1,Savings,161,123201.07,772,Home Loan,Active,15710.44,1,28.7,0,,Never Contacted,Mass Salaried Regular
CUST01349,48,Female,Salaried,625099.45,Single,Secondary,Bengaluru,Tier1,Salary,82,47696.12,723,Home Loan,Active,13326.73,0,0.0,0,,Never Contacted,Mass Salaried Regular
CUST01350,27,Male,Salaried,886243.92,Single,Tertiary,Chennai,Tier1,Savings,113,168689.99,819,Home Loan,Active,17065.78,0,0.0,0,,Never Contacted,Priority Affluent
CUST01351,74,Male,Retired,202178.1,Married,Tertiary,Kolkata,Tier1,Senior Citizen,210,519610.53,745,None,None,0.0,0,0.0,0,,Never Contacted,Retiree Conservative
CUST01352,45,Female,Self-Employed,714658.02,Married,Secondary,Nagpur,Tier2,Savings,64,9485.2,549,None,None,0.0,1,80.6,0,,Never Contacted,Credit Stressed
CUST01353,30,Male,Salaried,485287.94,Single,Secondary,Pune,Tier1,Salary,190,97532.13,719,Auto Loan,Active,13512.65,1,32.3,0,,Never Contacted,Mass Salaried Regular
CUST01354,45,Male,Salaried,868580.26,Married,Secondary,Kolkata,Tier1,Salary,218,161347.11,701,Home Loan,Active,21662.77,1,39.5,0,,Never Contacted,Mass Salaried Regular
CUST01355,34,Female,Salaried,358036.31,Married,Secondary,Nagpur,Tier2,Savings,234,3135.9,500,Home Loan,Active,4059.26,1,83.8,0,,Never Contacted,Credit Stressed
CUST01356,53,Female,Professional,1829698.56,Married,Tertiary,Bhopal,Tier3,Savings,139,1234085.5,843,Home Loan,Active,23635.46,1,6.6,0,,Never Contacted,Priority Affluent
CUST01357,37,Male,Student,390106.76,Married,Secondary,Jaipur,Tier2,Student,91,46780.94,701,None,None,0.0,1,28.6,0,,Never Contacted,Young Digital
CUST01358,37,Male,Salaried,231558.14,Single,Secondary,Bengaluru,Tier1,Current,160,12771.99,687,Auto Loan,Active,2796.46,1,20.8,0,,Never Contacted,Young Digital
CUST01359,56,Male,Self-Employed,240991.41,Divorced,Unknown,Pune,Tier1,Savings,126,9316.96,618,None,None,0.0,0,0.0,0,,Never Contacted,Dormant Inactive
CUST01360,37,Female,Salaried,392011.09,Married,Secondary,Indore,Tier2,Salary,110,58953.8,707,Home Loan,Active,5368.05,0,0.0,0,,Never Contacted,Mass Salaried Regular
CUST01361,50,Female,Salaried,120000.0,Married,Unknown,Lucknow,Tier2,Savings,194,3305.52,664,None,None,0.0,0,0.0,0,,Never Contacted,Dormant Inactive
CUST01362,40,Male,Professional,298454.32,Married,Tertiary,Chandigarh,Tier2,Savings,106,36818.5,775,Education Loan,Active,4498.84,1,37.7,0,,Never Contacted,Mass Salaried Regular
CUST01363,48,Male,Homemaker,214235.59,Married,Primary,Mumbai,Tier1,Current,88,5545.7,581,Home Loan,Closed,0.0,1,8.3,0,,Never Contacted,Dormant Inactive
CUST01364,46,Female,Business Owner,2352994.24,Married,Unknown,Patna,Tier3,Current,91,202025.23,856,None,None,0.0,1,6.1,2,189.0,Failure,Priority Affluent
CUST01365,50,Male,Student,431165.41,Divorced,Secondary,Chennai,Tier1,Student,6,17425.93,628,Home Loan,Active,7033.26,1,25.7,0,,Never Contacted,Young Digital
CUST01366,45,Female,Salaried,238427.07,Single,Unknown,Patna,Tier3,Savings,19,28154.86,662,None,None,0.0,0,0.0,0,,Never Contacted,Young Digital
CUST01367,28,Male,Salaried,331245.48,Married,Secondary,Jaipur,Tier2,Savings,180,94683.17,719,Home Loan,Closed,0.0,1,27.7,0,,Never Contacted,Mass Salaried Regular
CUST01368,28,Female,Salaried,404229.91,Single,Tertiary,Bengaluru,Tier1,Current,237,96853.95,776,Home Loan,Closed,0.0,1,32.2,0,,Never Contacted,Mass Salaried Regular
CUST01369,27,Male,Salaried,950789.29,Single,Secondary,Patna,Tier3,Current,137,50128.89,698,Home Loan,Active,23315.41,0,0.0,0,,Never Contacted,Mass Salaried Regular
CUST01370,32,Female,Salaried,647045.89,Single,Secondary,Chandigarh,Tier2,Savings,177,62444.4,740,None,None,0.0,0,0.0,0,,Never Contacted,Mass Salaried Regular
CUST01371,55,Female,Professional,1012745.28,Married,Secondary,Ahmedabad,Tier2,Current,155,1914075.95,842,Home Loan,Active,27800.24,1,13.8,2,174.0,Failure,Priority Affluent
CUST01372,42,Female,Self-Employed,2520790.53,Married,Secondary,Mumbai,Tier1,Salary,18,439585.52,726,None,None,0.0,0,0.0,0,,Never Contacted,Business Growth
CUST01373,40,Female,Salaried,1032657.26,Married,Secondary,Kolkata,Tier1,Savings,15,87620.65,707,Home Loan,Active,25710.51,1,30.1,0,,Never Contacted,Mass Salaried Regular
CUST01374,87,Female,Retired,501228.81,Married,Secondary,Coimbatore,Tier2,Senior Citizen,151,208310.27,735,None,None,0.0,0,0.0,0,,Never Contacted,Retiree Conservative
CUST01375,58,Male,Business Owner,1179084.31,Married,Secondary,Kochi,Tier2,Savings,145,618078.33,762,Home Loan,Active,28086.25,0,0.0,0,,Never Contacted,Business Growth
CUST01376,44,Female,Business Owner,4821901.77,Married,Primary,Hyderabad,Tier1,Salary,156,558763.51,851,Home Loan,Active,115880.35,1,15.7,2,272.0,Other,Priority Affluent
CUST01377,52,Male,Salaried,170832.47,Married,Primary,Hyderabad,Tier1,Savings,75,23211.75,592,None,None,0.0,0,0.0,0,,Never Contacted,Dormant Inactive
CUST01378,44,Male,Self-Employed,351494.99,Married,Tertiary,Jaipur,Tier2,Current,63,12295.55,664,Home Loan,Active,8573.78,0,0.0,0,,Never Contacted,Credit Stressed
CUST01379,63,Female,Retired,177095.96,Married,Secondary,Lucknow,Tier2,Senior Citizen,99,4318.23,695,None,None,0.0,1,2.7,6,178.0,Failure,Dormant Inactive
CUST01380,27,Female,Salaried,260849.5,Single,Secondary,Bengaluru,Tier1,Savings,80,9097.93,639,Home Loan,Closed,0.0,1,30.0,0,,Never Contacted,Young Digital
CUST01381,37,Female,Student,254092.4,Single,Tertiary,Nagpur,Tier2,Student,239,59398.66,644,None,None,0.0,1,16.3,1,87.0,Success,Young Digital
CUST01382,38,Female,Professional,1522084.52,Divorced,Tertiary,Hyderabad,Tier1,Salary,200,440763.35,767,Home Loan,Closed,0.0,1,7.4,0,,Never Contacted,Priority Affluent
CUST01383,26,Male,Salaried,208078.78,Single,Secondary,Bhopal,Tier3,Current,71,19547.73,668,None,None,0.0,0,0.0,2,96.0,Success,Young Digital
CUST01384,49,Female,Business Owner,913514.75,Married,Tertiary,Delhi,Tier1,Salary,151,240396.55,747,None,None,0.0,0,0.0,1,228.0,Failure,Business Growth
CUST01385,23,Female,Business Owner,529926.34,Married,Tertiary,Patna,Tier3,Savings,20,328881.29,712,Personal Loan,Active,7428.78,0,0.0,0,,Never Contacted,Business Growth
CUST01386,50,Female,Salaried,875929.56,Married,Tertiary,Kolkata,Tier1,Savings,162,416296.32,796,None,None,0.0,0,0.0,0,,Never Contacted,Priority Affluent
CUST01387,51,Male,Homemaker,216016.09,Married,Primary,Indore,Tier2,Salary,55,8728.48,742,None,None,0.0,1,6.1,0,,Never Contacted,Dormant Inactive
CUST01388,55,Male,Professional,656193.97,Single,Secondary,Pune,Tier1,Salary,191,129790.73,773,Home Loan,Active,14773.71,1,28.3,0,,Never Contacted,Mass Salaried Regular
CUST01389,47,Male,Salaried,564842.3,Single,Secondary,Chennai,Tier1,Salary,78,6174.5,472,Home Loan,Active,15808.31,1,68.7,0,,Never Contacted,Credit Stressed
CUST01390,33,Female,Professional,1059613.33,Married,Tertiary,Delhi,Tier1,Current,6,720915.24,857,None,None,0.0,1,6.7,0,,Never Contacted,Priority Affluent
CUST01391,55,Female,Business Owner,2393537.1,Divorced,Tertiary,Delhi,Tier1,Salary,213,141762.12,707,None,None,0.0,1,36.7,0,,Never Contacted,Business Growth
CUST01392,50,Male,Salaried,523331.94,Divorced,Secondary,Chandigarh,Tier2,Savings,230,4229.81,375,Home Loan,Active,11678.59,1,67.3,0,,Never Contacted,Credit Stressed
CUST01393,51,Male,Professional,1410614.68,Married,Tertiary,Bhopal,Tier3,Salary,44,1253503.48,760,Home Loan,Active,11292.15,1,13.0,8,102.0,Other,Priority Affluent
CUST01394,40,Female,Professional,2658290.7,Married,Primary,Indore,Tier2,Savings,182,943234.26,837,Home Loan,Closed,0.0,1,10.2,24,173.0,Other,Priority Affluent
CUST01395,37,Female,Salaried,618024.08,Single,Primary,Indore,Tier2,Savings,132,6905.16,374,Home Loan,Active,16320.95,0,0.0,1,367.0,Other,Credit Stressed
CUST01396,49,Male,Salaried,497810.91,Married,Secondary,Mumbai,Tier1,Savings,17,83850.02,707,Home Loan,Active,8014.07,1,22.5,0,,Never Contacted,Mass Salaried Regular
CUST01397,22,Male,Salaried,267207.34,Single,Secondary,Patna,Tier3,Salary,112,13362.4,681,None,None,0.0,0,0.0,0,,Never Contacted,Young Digital
CUST01398,30,Female,Self-Employed,563353.54,Married,Secondary,Kolkata,Tier1,Salary,34,12585.05,476,Auto Loan,Active,5115.39,1,83.6,0,,Never Contacted,Credit Stressed
CUST01399,24,Male,Salaried,232554.45,Single,Secondary,Lucknow,Tier2,Savings,22,29790.06,723,None,None,0.0,0,0.0,0,,Never Contacted,Young Digital
CUST01400,40,Female,Salaried,392065.33,Married,Secondary,Indore,Tier2,Salary,127,122996.6,737,None,None,0.0,1,27.3,2,103.0,Failure,Mass Salaried Regular
CUST01401,22,Female,Salaried,256723.15,Single,Secondary,Coimbatore,Tier2,Salary,5,9788.71,623,None,None,0.0,1,22.5,0,,Never Contacted,Young Digital
CUST01402,45,Female,Salaried,1085777.27,Divorced,Tertiary,Kochi,Tier2,Current,175,319830.62,839,Home Loan,Closed,0.0,1,10.4,0,,Never Contacted,Priority Affluent
CUST01403,34,Female,Business Owner,2595528.54,Single,Tertiary,Coimbatore,Tier2,Current,29,380298.56,738,Home Loan,Closed,0.0,0,0.0,0,,Never Contacted,Business Growth
CUST01404,47,Male,Professional,571203.23,Married,Secondary,Bhopal,Tier3,Savings,79,39797.18,694,Home Loan,Active,14458.3,0,0.0,0,,Never Contacted,Mass Salaried Regular
CUST01405,44,Female,Professional,514645.16,Married,Secondary,Lucknow,Tier2,Salary,173,93897.07,722,None,None,0.0,1,27.8,0,,Never Contacted,Mass Salaried Regular
CUST01406,23,Male,Salaried,438436.9,Single,Secondary,Nagpur,Tier2,Salary,195,42555.76,719,None,None,0.0,1,35.1,0,,Never Contacted,Mass Salaried Regular
CUST01407,30,Female,Business Owner,706488.56,Married,Tertiary,Bengaluru,Tier1,Savings,115,653872.06,722,Education Loan,Closed,0.0,1,45.2,0,,Never Contacted,Business Growth
CUST01408,34,Female,Professional,2085736.62,Married,Unknown,Ranchi,Tier3,Savings,100,187251.94,777,None,None,0.0,1,9.7,0,,Never Contacted,Priority Affluent
CUST01409,24,Female,Salaried,315245.44,Single,Unknown,Lucknow,Tier2,Savings,5,21384.06,501,None,None,0.0,1,67.4,0,,Never Contacted,Credit Stressed
CUST01410,41,Female,Homemaker,186062.44,Married,Secondary,Pune,Tier1,Salary,159,3864.97,645,Home Loan,Active,2069.26,1,18.0,0,,Never Contacted,Dormant Inactive
CUST01411,47,Female,Salaried,317077.18,Married,Tertiary,Ahmedabad,Tier2,Savings,25,30493.99,360,None,None,0.0,1,69.1,1,200.0,Failure,Credit Stressed
CUST01412,47,Male,Business Owner,1201792.15,Married,Tertiary,Mumbai,Tier1,Savings,166,108402.58,781,None,None,0.0,1,35.2,0,,Never Contacted,Business Growth
CUST01413,31,Female,Salaried,432332.16,Married,Primary,Bhopal,Tier3,Savings,183,6347.65,396,Home Loan,Closed,0.0,0,0.0,0,,Never Contacted,Credit Stressed
CUST01414,48,Male,Business Owner,2661968.96,Divorced,Secondary,Jaipur,Tier2,Savings,177,311752.1,717,None,None,0.0,0,0.0,0,,Never Contacted,Business Growth
CUST01415,30,Male,Salaried,656320.36,Single,Secondary,Jaipur,Tier2,Savings,131,60985.6,761,Personal Loan,Active,14904.97,1,30.8,0,,Never Contacted,Mass Salaried Regular
CUST01416,80,Male,Retired,246224.74,Married,Primary,Jaipur,Tier2,Senior Citizen,150,315831.08,748,None,None,0.0,0,0.0,0,,Never Contacted,Retiree Conservative
CUST01417,25,Male,Salaried,280288.02,Single,Secondary,Mumbai,Tier1,Savings,87,24508.91,638,Home Loan,Active,6142.45,1,27.1,1,370.0,Failure,Young Digital
CUST01418,41,Male,Student,325131.67,Divorced,Primary,Pune,Tier1,Student,34,52790.73,653,Home Loan,Active,5175.67,0,0.0,0,,Never Contacted,Young Digital
CUST01419,45,Male,Self-Employed,640566.15,Married,Secondary,Jaipur,Tier2,Savings,208,10673.43,402,Home Loan,Active,17862.74,1,71.2,0,,Never Contacted,Credit Stressed
CUST01420,36,Male,Business Owner,1142841.15,Married,Tertiary,Bengaluru,Tier1,Current,196,247429.78,793,None,None,0.0,0,0.0,0,,Never Contacted,Business Growth
CUST01421,42,Female,Homemaker,243922.71,Married,Primary,Hyderabad,Tier1,Savings,188,7039.21,592,Home Loan,Active,6248.88,0,0.0,0,,Never Contacted,Dormant Inactive
CUST01422,54,Female,Student,232815.08,Married,Secondary,Ranchi,Tier3,Student,64,49295.91,654,Personal Loan,Active,5205.85,1,22.0,1,116.0,Other,Young Digital
CUST01423,57,Female,Student,247604.42,Married,Secondary,Pune,Tier1,Student,239,11956.61,653,Personal Loan,Active,6873.2,0,0.0,0,,Never Contacted,Young Digital
CUST01424,33,Female,Salaried,911892.43,Single,Secondary,Indore,Tier2,Salary,33,150513.94,780,Home Loan,Active,16975.17,1,31.1,0,,Never Contacted,Mass Salaried Regular
CUST01425,36,Female,Salaried,960787.67,Married,Secondary,Delhi,Tier1,Savings,58,127140.83,729,None,None,0.0,0,0.0,0,,Never Contacted,Mass Salaried Regular
CUST01426,22,Male,Salaried,817644.53,Single,Secondary,Kochi,Tier2,Current,8,57822.76,747,None,None,0.0,1,21.8,1,181.0,Success,Mass Salaried Regular
CUST01427,41,Female,Professional,1411341.42,Divorced,Tertiary,Chennai,Tier1,Savings,9,1256877.59,839,Home Loan,Active,32027.28,1,7.9,0,,Never Contacted,Priority Affluent
CUST01428,56,Female,Salaried,2250058.47,Single,Primary,Ahmedabad,Tier2,Current,104,419217.72,838,Personal Loan,Active,15222.78,1,9.1,18,129.0,Other,Priority Affluent
CUST01429,64,Male,Retired,233849.49,Married,Secondary,Chandigarh,Tier2,Senior Citizen,4,184343.92,789,None,None,0.0,1,5.3,1,175.0,Failure,Retiree Conservative
CUST01430,50,Male,Salaried,417746.75,Single,Secondary,Mumbai,Tier1,Current,155,14894.04,714,Home Loan,Closed,0.0,1,19.4,2,123.0,Failure,Young Digital
CUST01431,42,Male,Self-Employed,322761.47,Married,Tertiary,Bengaluru,Tier1,Savings,124,52476.36,733,Home Loan,Active,6134.23,1,39.1,0,,Never Contacted,Business Growth
CUST01432,28,Male,Salaried,301314.66,Single,Primary,Ranchi,Tier3,Current,80,3898.39,728,None,None,0.0,0,0.0,0,,Never Contacted,Dormant Inactive
CUST01433,35,Male,Business Owner,1697956.72,Single,Primary,Ahmedabad,Tier2,Current,157,452410.18,789,Home Loan,Active,33505.28,1,15.1,0,,Never Contacted,Priority Affluent
CUST01434,27,Female,Salaried,400487.78,Single,Primary,Ranchi,Tier3,Savings,61,99856.28,718,Home Loan,Closed,0.0,0,0.0,0,,Never Contacted,Mass Salaried Regular
CUST01435,54,Female,Salaried,466100.57,Married,Secondary,Nagpur,Tier2,Salary,151,38836.45,704,None,None,0.0,1,27.9,0,,Never Contacted,Mass Salaried Regular
CUST01436,52,Other,Business Owner,714524.88,Married,Tertiary,Chennai,Tier1,Savings,189,104090.78,758,Home Loan,Closed,0.0,0,0.0,0,,Never Contacted,Business Growth
CUST01437,51,Male,Professional,769374.64,Married,Secondary,Kolkata,Tier1,Salary,199,27466.41,713,Personal Loan,Active,21588.85,0,0.0,2,320.0,Other,Mass Salaried Regular
CUST01438,39,Male,Salaried,326770.87,Divorced,Secondary,Ranchi,Tier3,Salary,228,5064.11,645,Personal Loan,Closed,0.0,0,0.0,0,,Never Contacted,Young Digital
CUST01439,32,Female,Business Owner,1760018.91,Married,Tertiary,Indore,Tier2,Savings,110,203275.4,750,Home Loan,Active,29691.71,1,34.0,0,,Never Contacted,Business Growth
CUST01440,44,Female,Self-Employed,1539859.8,Married,Tertiary,Chandigarh,Tier2,Savings,59,827243.74,691,Personal Loan,Active,31972.02,0,0.0,3,153.0,Failure,Business Growth
CUST01441,52,Male,Salaried,628982.84,Married,Secondary,Ahmedabad,Tier2,Savings,62,127595.83,735,Home Loan,Active,16316.89,0,0.0,0,,Never Contacted,Mass Salaried Regular
CUST01442,61,Female,Business Owner,2882918.07,Divorced,Tertiary,Ahmedabad,Tier2,Senior Citizen,24,3267800.77,827,None,None,0.0,0,0.0,0,,Never Contacted,Priority Affluent
CUST01443,34,Female,Salaried,589194.84,Married,Tertiary,Kochi,Tier2,Current,207,146400.21,598,Home Loan,Active,4314.7,1,25.5,0,,Never Contacted,Mass Salaried Regular
CUST01444,34,Female,Professional,1525106.51,Married,Tertiary,Kolkata,Tier1,Savings,148,572495.15,791,Home Loan,Active,40835.07,1,9.4,0,,Never Contacted,Priority Affluent
CUST01445,33,Male,Salaried,256475.23,Divorced,Secondary,Jaipur,Tier2,Savings,120,43878.22,686,Home Loan,Active,3924.21,0,0.0,0,,Never Contacted,Mass Salaried Regular
CUST01446,35,Male,Self-Employed,527678.75,Married,Secondary,Delhi,Tier1,Savings,4,8098.08,700,None,None,0.0,1,20.0,0,,Never Contacted,Young Digital
CUST01447,43,Male,Self-Employed,551292.21,Married,Primary,Chandigarh,Tier2,Salary,233,2431.42,484,Home Loan,Defaulted,0.0,1,70.7,1,371.0,Failure,Credit Stressed
CUST01448,38,Female,Self-Employed,178950.86,Single,Unknown,Delhi,Tier1,Savings,200,79466.89,740,None,None,0.0,0,0.0,0,,Never Contacted,Young Digital
CUST01449,62,Male,Self-Employed,120000.0,Married,Secondary,Pune,Tier1,Senior Citizen,188,4318.23,656,None,None,0.0,0,0.0,5,189.0,Failure,Dormant Inactive
CUST01450,27,Female,Salaried,666787.83,Married,Secondary,Chennai,Tier1,Salary,82,54158.62,693,Home Loan,Active,13781.28,0,0.0,0,,Never Contacted,Mass Salaried Regular
CUST01451,61,Female,Retired,402940.39,Married,Secondary,Delhi,Tier1,Senior Citizen,175,160494.23,723,None,None,0.0,0,0.0,0,,Never Contacted,Retiree Conservative
CUST01452,58,Male,Retired,137623.45,Married,Secondary,Chennai,Tier1,Savings,177,5957.37,649,None,None,0.0,0,0.0,0,,Never Contacted,Dormant Inactive
CUST01453,36,Female,Salaried,610380.48,Married,Secondary,Chennai,Tier1,Savings,139,2015.21,370,Home Loan,Active,16317.33,0,0.0,0,,Never Contacted,Credit Stressed
CUST01454,48,Female,Business Owner,350153.9,Married,Unknown,Kolkata,Tier1,Current,113,694063.72,717,Home Loan,Closed,0.0,0,0.0,0,,Never Contacted,Business Growth
CUST01455,43,Female,Professional,687525.57,Married,Primary,Delhi,Tier1,Current,27,48866.97,729,None,None,0.0,1,28.0,0,,Never Contacted,Mass Salaried Regular
CUST01456,29,Male,Salaried,1918267.82,Married,Tertiary,Coimbatore,Tier2,Salary,108,1150224.22,813,Home Loan,Active,36737.24,1,14.9,0,,Never Contacted,Priority Affluent
CUST01457,43,Other,Salaried,354658.66,Married,Secondary,Nagpur,Tier2,Salary,17,97283.64,706,None,None,0.0,1,27.8,2,91.0,Success,Mass Salaried Regular
CUST01458,40,Female,Salaried,445384.72,Married,Secondary,Kolkata,Tier1,Current,59,11377.6,604,Personal Loan,Closed,0.0,1,34.6,0,,Never Contacted,Young Digital
CUST01459,31,Female,Self-Employed,816754.64,Single,Tertiary,Chennai,Tier1,Salary,113,539316.48,754,None,None,0.0,0,0.0,1,80.0,Success,Business Growth
CUST01460,53,Male,Salaried,491744.66,Married,Primary,Delhi,Tier1,Savings,59,95067.44,691,Home Loan,Active,8027.47,1,27.2,2,268.0,Other,Mass Salaried Regular
CUST01461,68,Female,Retired,437878.71,Married,Secondary,Chandigarh,Tier2,Senior Citizen,37,269485.83,738,None,None,0.0,0,0.0,3,110.0,Success,Retiree Conservative
CUST01462,37,Male,Salaried,253012.86,Married,Secondary,Jaipur,Tier2,Salary,225,18502.16,676,None,None,0.0,1,37.1,0,,Never Contacted,Young Digital
CUST01463,59,Female,Salaried,559347.16,Married,Tertiary,Jaipur,Tier2,Current,39,210796.53,685,Home Loan,Active,4573.35,1,24.9,0,,Never Contacted,Mass Salaried Regular
CUST01464,45,Female,Salaried,377105.56,Divorced,Primary,Ahmedabad,Tier2,Savings,68,74972.35,749,Home Loan,Active,4147.8,0,0.0,1,181.0,Success,Mass Salaried Regular
CUST01465,32,Male,Homemaker,279329.69,Single,Secondary,Ranchi,Tier3,Savings,172,758.92,621,Personal Loan,Active,1906.11,0,0.0,0,,Never Contacted,Dormant Inactive
CUST01466,58,Male,Retired,503614.45,Married,Primary,Jaipur,Tier2,Savings,220,5547.07,709,None,None,0.0,0,0.0,0,,Never Contacted,Dormant Inactive
CUST01467,58,Female,Student,246568.86,Married,Primary,Pune,Tier1,Student,77,37999.61,613,None,None,0.0,1,28.9,0,,Never Contacted,Young Digital
CUST01468,23,Male,Salaried,442890.12,Single,Secondary,Nagpur,Tier2,Savings,91,88978.42,672,Home Loan,Active,9294.12,0,0.0,0,,Never Contacted,Mass Salaried Regular
CUST01469,59,Female,Retired,351076.0,Married,Secondary,Kolkata,Tier1,Savings,41,246868.37,742,Home Loan,Active,3296.07,0,0.0,0,,Never Contacted,Retiree Conservative
CUST01470,44,Female,Salaried,795033.71,Married,Primary,Lucknow,Tier2,Salary,185,32371.34,704,Personal Loan,Active,11178.2,0,0.0,0,,Never Contacted,Mass Salaried Regular
CUST01471,44,Male,Business Owner,1178021.31,Married,Tertiary,Chennai,Tier1,Savings,115,217100.5,705,Home Loan,Active,10428.02,1,42.4,0,,Never Contacted,Business Growth
CUST01472,39,Male,Professional,913215.59,Married,Secondary,Bhopal,Tier3,Savings,179,54083.8,735,None,None,0.0,1,21.4,0,,Never Contacted,Mass Salaried Regular
CUST01473,29,Female,Business Owner,1431994.4,Single,Tertiary,Kolkata,Tier1,Savings,149,554109.8,868,Personal Loan,Active,31360.53,1,9.8,0,,Never Contacted,Priority Affluent
CUST01474,23,Male,Salaried,338305.78,Single,Secondary,Delhi,Tier1,Salary,91,9788.71,679,None,None,0.0,1,38.6,1,183.0,Success,Young Digital
CUST01475,28,Female,Student,306601.67,Single,Secondary,Kolkata,Tier1,Student,226,7024.97,641,None,None,0.0,0,0.0,0,,Never Contacted,Young Digital
CUST01476,28,Female,Salaried,216936.68,Single,Secondary,Kolkata,Tier1,Salary,65,14237.39,644,None,None,0.0,1,23.8,0,,Never Contacted,Young Digital
CUST01477,21,Male,Student,500003.49,Single,Secondary,Chandigarh,Tier2,Student,45,12576.14,700,None,None,0.0,0,0.0,7,89.0,Success,Young Digital
CUST01478,39,Female,Self-Employed,1716787.6,Married,Secondary,Coimbatore,Tier2,Savings,234,346649.08,675,Home Loan,Active,47027.93,1,40.8,0,,Never Contacted,Business Growth
CUST01479,22,Female,Student,268176.8,Single,Secondary,Kolkata,Tier1,Student,35,32128.14,634,None,None,0.0,1,43.3,1,196.0,Failure,Young Digital
CUST01480,31,Male,Salaried,359366.25,Single,Unknown,Chandigarh,Tier2,Savings,181,13861.47,719,None,None,0.0,0,0.0,0,,Never Contacted,Young Digital
CUST01481,28,Male,Salaried,184520.16,Single,Secondary,Hyderabad,Tier1,Savings,95,16232.23,663,Home Loan,Defaulted,0.0,0,0.0,0,,Never Contacted,Young Digital
CUST01482,22,Male,Salaried,656712.95,Single,Tertiary,Ranchi,Tier3,Salary,104,674930.32,891,None,None,0.0,1,7.9,0,,Never Contacted,Priority Affluent
CUST01483,31,Female,Salaried,120000.0,Divorced,Secondary,Chennai,Tier1,Current,150,1534.29,646,Home Loan,Defaulted,0.0,0,0.0,2,367.0,Failure,Dormant Inactive
CUST01484,36,Male,Salaried,386351.45,Single,Secondary,Ranchi,Tier3,Savings,236,37280.63,682,Personal Loan,Defaulted,0.0,0,0.0,0,,Never Contacted,Mass Salaried Regular
CUST01485,61,Male,Retired,130877.04,Married,Tertiary,Pune,Tier1,Senior Citizen,173,6804.27,702,None,None,0.0,0,0.0,0,,Never Contacted,Dormant Inactive
CUST01486,32,Other,Professional,3290455.07,Single,Tertiary,Jaipur,Tier2,Savings,89,1133408.68,848,Home Loan,Closed,0.0,1,11.9,0,,Never Contacted,Priority Affluent
CUST01487,43,Male,Business Owner,757948.6,Married,Tertiary,Bhopal,Tier3,Salary,54,69973.98,747,None,None,0.0,1,48.8,0,,Never Contacted,Business Growth
CUST01488,58,Female,Student,314121.45,Married,Unknown,Lucknow,Tier2,Student,125,5806.1,676,Home Loan,Closed,0.0,0,0.0,0,,Never Contacted,Young Digital
CUST01489,56,Female,Salaried,577367.49,Divorced,Secondary,Ranchi,Tier3,Salary,161,6373.18,425,None,None,0.0,0,0.0,0,,Never Contacted,Credit Stressed
CUST01490,31,Female,Self-Employed,147360.85,Single,Tertiary,Ranchi,Tier3,Current,10,10255.37,666,Home Loan,Active,2926.7,0,0.0,0,,Never Contacted,Young Digital
CUST01491,45,Female,Business Owner,2077284.54,Divorced,Primary,Nagpur,Tier2,Savings,121,752748.22,778,Home Loan,Active,47250.75,1,9.5,0,,Never Contacted,Priority Affluent
CUST01492,46,Male,Salaried,345942.33,Married,Primary,Ranchi,Tier3,Savings,167,3103.48,457,Home Loan,Closed,0.0,1,66.0,0,,Never Contacted,Credit Stressed
CUST01493,54,Female,Salaried,467562.33,Married,Secondary,Chandigarh,Tier2,Savings,230,13350.98,679,None,None,0.0,1,15.4,0,,Never Contacted,Dormant Inactive
CUST01494,63,Female,Retired,268411.01,Married,Unknown,Delhi,Tier1,Senior Citizen,134,314332.6,777,None,None,0.0,0,0.0,0,,Never Contacted,Retiree Conservative
CUST01495,27,Male,Salaried,384965.44,Single,Secondary,Mumbai,Tier1,Current,171,31218.6,685,None,None,0.0,0,0.0,0,,Never Contacted,Young Digital
CUST01496,35,Male,Self-Employed,120000.0,Divorced,Secondary,Hyderabad,Tier1,Current,155,2964.88,676,None,None,0.0,0,0.0,0,,Never Contacted,Dormant Inactive
CUST01497,34,Other,Salaried,540953.65,Single,Secondary,Kolkata,Tier1,Savings,95,608.0,562,Home Loan,Closed,0.0,0,0.0,0,,Never Contacted,Credit Stressed
CUST01498,28,Male,Salaried,120000.0,Divorced,Primary,Mumbai,Tier1,Savings,228,2429.32,679,Home Loan,Active,3442.91,0,0.0,0,,Never Contacted,Dormant Inactive
CUST01499,30,Female,Salaried,429557.66,Married,Secondary,Indore,Tier2,Current,213,60781.51,704,Personal Loan,Active,6278.12,1,26.6,0,,Never Contacted,Mass Salaried Regular
CUST01500,43,Male,Self-Employed,339465.29,Married,Tertiary,Bhopal,Tier3,Salary,209,1932.67,714,None,None,0.0,1,2.6,2,94.0,Success,Dormant Inactive
